Nombre del estudio,Dirección,Barrio,Teléfono,Email,Instagram,Seguidores,Puntaje x reserñas,Web,Fabricantes Ref,Diseño,App,Opiniones,Presentación,Servicios adicionales,Horario,Código Plus,Fuente de datos,Fecha de recolección,Observacciones,
Fusión Pilates Palermo,"Agüero 1200, C1425 Cdad. Autónoma de Buenos Aires",Palermo  Es RECOLETA,111560579144,,https://www.instagram.com/fusionpilatespalermo/,1903,"5,0 x68",,P&P,"Básico, Pelotas de colores y equipos- reformer, cadillac , chair…",,"Fusión Pilates Palermo es realmente excepcional. Por primera vez, he encontrado alivio para mi dolor de ciática gracias a sus maravillosas clases. Cada sesión se personaliza para satisfacer tus necesidades individuales, asegurando que te sientas genial y alcances tus objetivos personales. Silvia y Eli son instructores sobresalientes, y me siento increíblemente afortunada de asistir a sus clases. Como principiante en Pilates, hicieron que la experiencia fuera fácil y agradable, y ahora no puedo imaginar mi vida sin ellas!",-,"Pilates para embarazadas, para adulto mayor, pilates personalizado, Electrodos, masajes.",De lunes a viernes de 8 a. m.–8 p. m.,"CH3R+P3 Buenos Aires, Cdad. Autónoma de Buenos Aires","Google maps, IG",31-07-25,,
Glow Pilates Studio,"Mario Bravo 1140, C1175 Cdad. Autónoma de Buenos Aires",Palermo,1125621856,,https://www.instagram.com/glowpilatesba/#,561,5.0x16,,Del Rio Pilates,"Moderno, tonalidades beige, grises, iluminado, plantas.",,"3 semanas atrás: Es un espacio muy hermoso, re bien cuidado y muy ordenado. Las clases son super dinámicas y entretenidas. El ambiente también es increíble como así sus profesoras.",-,,"De lunes a viernes de 8 a. m.–8 p. m. sábado, 9 a. m.–12 p. m.","CH3M+HQ Buenos Aires, Cdad. Autónoma de Buenos Aires",Google maps Instagram,31-07-25,Promocionan camas @del.rio.pilates  Y espejos divinos de @prusiadesign,
Tu mundo pilates,"Bulnes 1730, C1425 Cdad. Autónoma de Buenos Aires",Palermo,1157668735,,https://www.instagram.com/tumundopilates_/?hl=es#,3209,"4,9x60",,-,"Amplio, iluminado, moderno, tonalidades claras en combinación con madera. Plantas decorativas.",https://reservaclase.com/tumundopilates/,"Hace 3 meses: Hermoso espacio. Atención de recepcionistas muy buena. Excelentes profesoras. Hace 6 meses: Me encanta el lugar! Se organizan muy bien, son muy responsables, hay buenas profes!",-,,"De lunes a viernes: 8 a. m.–12 p. m., 4–9 p. m. sábado, 9 a. m.–12 p. m.","CH5P+C2 Buenos Aires, Cdad. Autónoma de Buenos Aires",Google maps intagram,31-07-25,Tiene dos sedes: Sucursal Palermo: Bulnes 1730 caba Sucursal Las Cañitas : Baez 413 caba,
Fabiana Tallarico,"Guatemala 4375, 1425 Cdad. Autónoma de Buenos Aires",Palermo,1135233281,camara,https://www.instagram.com/fabiana.tallarico/?hl=es#,780,"4,9x25",,P&P,"Local a la calle, colorido, reformer clásicos, utensilios coloridos.",,"“Te ayudan, te informan, Te cuidan todo el tiempo.""""Es mí primera vez haciendo pilates y la verdad me encantó "". ""Superó mis expectativas, fabi y sus clases son muy lo más""",-,Centro de Pilates Reformer terapéutico,"Lunes a viernes 9 a. m.–1 p. m., 4–9 p. m. sábado, 9 a. m.–1 p. m.","CH6H+GJ Buenos Aires, Cdad. Autónoma de Buenos Aires",Google maps int,31-07-25,https://www.facebook.com/Pilates.FabianaTallarico/ ofrecen Master Class!,
Plaza Pilates,"Gurruchaga 2207, C1425 Cdad. Autónoma de Buenos Aires",Palermo,1159511109,,https://www.instagram.com/plaza_pilates/?hl=es-la#,3550,"4,4x32",,p&p,"Reformer clásico, paleta de colores malvas, pared verde, espacio pequeño pero bien equipado, pelotas grises, bandas coloridas.",,"Hace 3 años: Pesimo trato, la profesora Natalia ( entiendo que es la dueña, mientras da clase esta permanentemente con el celular). También son muy poco claros al momento de cobrar faltando 4 clases para terminar el mes, te cobran el mes entero sin avisar que si pagaste 8 clases hay 4 que perdes",-,,"Lunes a viernes de 8 a. m.–12 p. m., 5–9 p. m.","CH7G+VQ Buenos Aires, Cdad. Autónoma de Buenos Aires","Google maps, IG",31-07-25,,
Club Palermo Pilates,"Armenia 2294 4 Piso, C1425BQD Cdad. Autónoma de Buenos Aires",Palermo,1155252681,camara,https://www.instagram.com/club_palermo_pilates/?hl=es-la#,"10,4 mil","4,9x378",,P&P,"Amplio, iluminado, paleta de colores verdes y violetas,",Siguefit,Hace 2 meses: El mejor estudio de pilates de palermo y alrededores sin dudas. El lugar es hiper agradable con linda vista impecable muy bien equipado con todos los elementos para las mejores clases y emma es un genio. Gran profesor! Siempre es un gusto ir a sus clases!,Desde el 2008 mejorandole la calidad de vida a nuestros alumnxs.,,"Lunes a viernes de 7 a. m.–11 p. m.sábado, 8 a. m.–4 p. m. domingo, 9 a. m.–12 p. m.","CH7H+VG Buenos Aires, Cdad. Autónoma de Buenos Aires","Google maps, IG",31-07-25,Infobae les hizo un trabajo.,
Hawa Fitness Pilates Studio,"Jerónimo Salguero 1495, C1425 Cdad. Autónoma de Buenos Aires",Palermo,1163065030,,https://www.instagram.com/hawafitness/#,1275,"4,8x17",,Del Río pilates,,https://www.hawafitness.com/links/,2 semanas atrásNueva La profe Ale es amorosa! He ido a varios lugares previos a hacer pilates pero en ningún lugar me sentí tan cómoda y fue tan desafiante. Clases superpersonalizadas y disponibilidad horaria. Recomendado!,-,"TRX, pilates mat, hipopresivos, elongación,.Meditación sonora, yoga, aerofitness.","lunes, miércoles y viernes de 1–9 p. m. martes y jueves de 8 a. m.–9 p. m.","CH5J+5Q Buenos Aires, Cdad. Autónoma de Buenos Aires","Google maps, IG web",31-07-25,Trabaja con niñas- danza,
"@vyfpilates, Pilates","Nicaragua 6002, C1414BWN Cdad. Autónoma de Buenos Aires",Palermo Soho,1158801522,,https://www.instagram.com/vyfpilates/?hl=es#,843,"5,0x19",,Studio Moderna Pilates,Básico.,,"Hace un añoSin dudas el mejor estudio de pilates clásico! Flor y su equipo son lo más! Son realmente buenas! Agradables, profesionales y excelentes profesoras. Te cuidan en cada movimiento. Las clases son muy dinamicas. Ir a este estudio es dedicarte unas horas semanales para desconectar, relajar y trabajar cuerpo y mente.","Soy Flor Pons, Bailarina e Instructora de Pilates Clásico. Evolución a través del movimiento.",,Lunes a viernes de 8 a. m.–9 p. m.,"CHC6+JV Buenos Aires, Cdad. Autónoma de Buenos Aires","Goole maps, IG",31-07-25,,
Angel Pilates,"Vidt 1980, C1425DJH Cdad. Autónoma de Buenos Aires",Palermo,11-6121-1905,,https://www.instagram.com/angelpilates/,2741,"5,0x101",,-,Básico.,,"Hace un año: Excelente lugar! Voy hace un par de años. Calidad profesional y humana de 10. El lugar súper cómodo y limpio. Las clases son dinámicas y variadas. Revertí por completo las dolencias por mis hernias de disco. Tomo clases con Isadora, una genia!! Muy recomendable",-,,"lunes, miércoles y viernes de 8 a. m.–12 p. m., 3–9 p. m. martes, 8 a. m.–12 p. m., 5–9 p. m. jueves, 8 a. m.–12 p. m., 3–9 p. m. sábado, 10 a. m.–1 p. m.","CH6P+9C Buenos Aires, Cdad. Autónoma de Buenos Aires","Google maps, IG",31-0-25,El profe – dueño es un chico,
Clic Pilates Palermo Soho,"Fray Justo Sta. María de Oro 2150, C1425 Cdad. Autónoma de Buenos Aires",Palermo,111554573847,,https://www.instagram.com/clic.pilates/?hl=es,"14,6 mil","5,0x11",https://www.clicpilates.com/,-,"Moderno. Iluminado, reformer modernos , de madera pero no clásicos. Paleta de colores grises, combinados con madera.",,"Hace un mesUn lugar hermoso excelente atención muy amable, la profesora muy buena muy atenta, muy cálido el ambiente!","En CLIC Studio Pilates, nos especializamos en Pilates Clásico, honrando la técnica original de Contrología de Joseph Pilates. Con movimientos precisos y controlados, buscamos una experiencia auténtica y transformadora, promoviendo equilibrio, alineación, fuerza y flexibilidad.",,"Lunes a viernes de 7:45 a. m.–12:45 p. m., 2–9 p. m.","CH8C+VW Buenos Aires, Cdad. Autónoma de Buenos Aires","Google maps, web, instagram",01-08-25,Franquicia con varias sedes: Pilar • Pilará • Escobar • Nordelta • Palermo Soho • Palermo Hollywood • Belgrano C. Ofrecen instructorado.,
Palermo Pilates,"Darregueyra 2387, C1425 FLQ, Cdad. Autónoma de Buenos Aires",Palermo,111530588867,info@palermopilates.com,https://www.instagram.com/palermopilates/#,1222,"4,9x48",http://palermopilates.com/,Idepil.com,"Moderno. Paleta de colores pastel: verde, turquesa, violeta.",,"Hace un mes: Muy buen lugar para hacer pilates. El espacio es lindo, limpio y tranquilo, ideal para concentrarse y relajarse. Las clases son muy buenas, guiadas y adaptadas a cada nivel. Se nota la dedicación de las profes. ¡Muy recomendable! Hace 2 meses: Durante mi estancia de 3 meses en Buenos Aires estuve acudiendo a Palermo Pilates. El sistema de reserva de clases a través de la app es muy cómo y con gran varidad de horarios. El equipo de profesores es muy amable y acogedor desde el primer momento. Sin duda disfruté mucho y volvería a repetir!",En nuestro estudio ahora podes tomar diversas clases combinándolas como quieras,,Lunes a viernes de 8 a. m.–10 p. m.,CH9G+F5 Cdad. Autónoma de Buenos Aires,Google maps Instagram web,01-08-25,"10 años. Ofrecen clases online. Redes muy orientativas, con mucha información. Profes de ambos géneros.",
Centropilates BA Palermo,"Av. Sta. Fe 3312 8A, C1425 Cdad. Autónoma de Buenos Aires",Palermo,1158644224,info@centropilatesba.com,https://www.instagram.com/centropilates_ba/#,"54,2 mil","4,9x34",http://www.centropilatesba.com/,Studio moderna Pilates,"Moderno, paleta de colores pastel beige, rosa pálido, verde, gris. Pared con  Iluminado,",,"Hace un mes: Hermoso lugar. Tomo las clases de Maru, muy buenas. La profe muy organizada y da clases muy completas. Me encantó y el lugar muy agradable y ciudado. Lo recomiendo. Hace un año: Empecé hace un mes y soy la más feliz, muy organizadas con el tema de horarios. Me encanta además que es muy limpio y las profesoras son dinámicas cada una a su manera","EL Método es un sistema de acondicionamiento no solo físico, sino también mental. Tomando el repertorio y fundamentos de Joseph Pilates, aplicamos modificaciones y variaciones para adaptar los ejercoicios a los diferentes niveles y necesidades. Te ofrecemos tres propuestas según tus objetivos.",,De Lunes a viernes de 9:00 a22:00. Sábado y Domingo de 8:00 a 21:00.,"CH6Q+Q7 Buenos Aires, Cdad. Autónoma de Buenos Aires","Google maps Instagram, web",01-08-25,Tiene dos sedes Palermo y Núñez. Mucha información disponible en web y redes.,
María Laura Studio,"Jerónimo Salguero 2142 Primer Piso, C1425 Cdad. Autónoma de Buenos Aires",Palermo,111535890631,inelia garcia ,https://www.instagram.com/maria.laurastudio/,793,"4,6x10",,P&P,"Moderno, equipado, iluminado.",,"Hace 10 meses: Hermoso estudio! se nota que cuidan cada detalle con amor. Esta muy bien equipado y las profes son super profesionales y saben escuchar las necesidades de cada uno para trabajar de forma responsable y personalizada. La sala de yoga en un oasis de paz en medio de la ciudad. Super recomendable! Hace 10 meses: Cambió mucho, ahora hay destrato.","Nuestras clases están pensadas para todas las edades.Porque el movimiento consciente no tiene límites, y cada cuerpo puede beneficiarse del Pilates y el Yoga en cualquier etapa de la vida.",Yoga,De lunes a viernes de 8 a. m.–9 p. m.,"CH7Q+M5 Buenos Aires, Cdad. Autónoma de Buenos Aires","Google maps, IG",01-08-25,"Capacitaciones con Auténtico pilates, San Pablo.",
Corporal Centro De Bienestar Fisico,"Julián Álvarez 2672, C1425DHP Cdad. Autónoma de Buenos Aires",Palermo,111526337622,corporal.pilates@hotmail.com,https://www.instagram.com/corporal_cdbf/?hl=es#,1085,"5,0x26",https://corporalpilates.webnode.page/,FOX,"Básico. Equipado, iluminado.",,"Hace 10 meses:Ya estoy yendo al estudio hace un poco mas de 9 meses. Las clases son super dinámicas, cada instructora de pilates tiene su estilo y hacen que no solo sea un momento de conexion con el cuerpo sino un tiempo de calidad con una misma. Hace 11 meses: Buenísimas las clases de pilates! Todas las profesoras son amables y atentas, el clima es muy ameno. Sin dudas es un lugar para recomendar.",-,Pilates Reformer -Yoga-Personal Trainer-StretchingEntrenamiento funcional,"lunes,miércoles y viernes de 8 a. m. 21:00.","CH7P+RV Buenos Aires, Cdad. Autónoma de Buenos Aires",Google maps Instagram,01-08-25,,
BG PILATES BARRIO NORTE,"Araóz, Juncal y, 1025 Cdad. Autónoma de Buenos Aires",Palermo,111524717556,,https://www.instagram.com/bg.pilatesintegral/,174,"5,0x2",,Studio Moderna Pilates,Básico.,,Hace 3 meses:Voy a clases con Betiana hace aprox 10 años porque la calidad de trabajo y conocimiento que tiene no lo encontré en ningún otro lado. Con ella aprendí muchísimo y le encontré el placer de hacer actividad física. Recomendadísimo!,-,,"Lunes y jueves 8 a. m.–12 p. m., 4–9 p. m. martes, miércoles y viernes 8 a. m.–12 a. m.","CH8P+9W Buenos Aires, Cdad. Autónoma de Buenos Aires","Google maps, IG",14-10-25,Lic. en Folklóre • Instructora de Pilates • Estudiante Lic. en Kinesiología,
Espiralado,"Av. Raúl Scalabrini Ortiz 2831, C1425DBJ Cdad. Autónoma de Buenos Aires",Palermo,1151439165,,https://www.instagram.com/proyectoespiralado#,1070,"5,0x3",https://proyectoespiralado.wixsite.com/espiralado,-,"Básico, tiene un reformer (clases personalizadas)",,"Hace 6 meses: Soy músico y mi trabajo me obliga a estar en posturas no tan cómodas durante largas horas seguidas. Gracias a Espiralado llevo adelante mi vida con un cuerpo sano, fuerte, flexible y sin dolores.Totalmente recomendado!","¡Hola, soy Eugenia Casabella! .Soy bailarina, coreógrafa y docente de danza. Me formé en ballet, danza contemporánea, preparación física, flexibilidad y stretching.","Danza. Entrenamiento físico , flexibilidad. Embarazo y postparto",De lunes a viernes de 9 a. m.–6 p. m.,"CH8P+PW Buenos Aires, Cdad. Autónoma de Buenos Aires","Google map, web Instagram",01-08-25,Formación en Danza.,
Oxzen Pilates,"Cabello 3224 Cabello 3767, Jerónimo Salguero 2686, C1425 Cdad. Autónoma de Buenos Aires",Palermo,111540240773,,https://www.instagram.com/oxzenpilates/?hl=es#,"50,3 mil","4,5x62",http://www.oxzen.com.ar/,Empower,"Moderno, equipos variados, nuevos, reformer clásicos y otros de metal. Colores beige, gris, fotos de Pilates en la pared. Equipamientos: Reformer, Wall Unit, Mat Profesional y Wunda Chair.",,"""Las clases son buenísimas, el espacio y clima Muy bueno, me siento cuidada!"".La secretaria que asigna los turnos terrible vieja resentida"". Las profes son muy responsables a la hora de enseñar!""","Contamos con 5 modalidades. REFORMER, STUDIO, MAT ONLINE, PERSONALIZADAS",,"De lunes a viernes 8 a. m.–9 p. m. Sábado, 10 a. m.–1 p. m.","CHCP+2X Buenos Aires, Cdad. Autónoma de Buenos Aires",Google maps Instagram,01-08-25,Redes activas y con información variada. Sede en Salguero 2686 y en Cabello 3224. Van muchos famosos a recibir clases,
Mood Pilates Reformer,"Av. Raúl Scalabrini Ortiz 3162, C1425 Cdad. Autónoma de Buenos Aires",Palermo Chico,1169628078,,https://www.instagram.com/moodpilatesreformer,2488,"4,6x33",,P&P,Básico,,"Hace un mes: Llevo varios años en Mood y no lo cambiaría por nada! Es un excelente lugar para ejercitarte y desafiar tus propios límites. Las profesoras son muy dedicadas y detallistas, lo que le permite a uno ir aprendiendo y mejorando su técnica. Gracias especialmente a Eli, Jenny y Shir",,,"De Lunes a jueves de 9 a. m.–8 p. m. viernes, 9 a. m.–7 p. m. sábado, 10 a. m.–1 p. m.","CH9Q+VW Buenos Aires, Cdad. Autónoma de Buenos Aires",Google maps instagram,01-08-25,,
Palace Pilates,"Cabello 3627, C1425 Cdad. Autónoma de Buenos Aires",Palermo,1166416619,,https://instagram.com/palacepilates1?igshid=YmMyMTA2M2Y=,918,"4,4x7",,Armonia reformer,"Básico. Reformer clásicos,pesas, pelotas rojas, azules y grises.",,"Hace 8 meses: Me encanta hacer pilates acá. Además del espacio que es perfecto, la profe Giselle es una querida y muy competente. Re recomiendo!",-,,"Lun a vie de 8 a 20hs, sáb 9 a 13hs","CH9Q+QM Buenos Aires, Cdad. Autónoma de Buenos Aires","Google maps, Ig",14-10-25,,
Pilates INtegral,"Aráoz 2055 pb, C1425 Cdad. Autónoma de Buenos Aires",Palermo,1155126311,,https://www.instagram.com/integralpilatesok/?hl=es#,1050,"4,8x25",https://www.pilatesintegral.net/,-,Básico.,,"Hace 7 meses: Recomiendo el espacio y las profes. El entrenamiento es a medida, tenés una profe para un máximo de 3 personas que van a adaptar la disciplina a tus necesidades, tus lesiones y tus objetivos. Las clases son excelentes. Arranqué hace algunos meses y además de sentir el trabajo físico, también estoy mejorando mi postura en el día a día.",,,Lunes a viernes de 8 a. m.–9 p. m,"CH6J+F4 Buenos Aires, Cdad. Autónoma de Buenos Aires","Google maps, Ig",01-08-25,Clases presenciales y online,
Body Fit - Pilates Contemporaneo,"Beruti 4583 3ero A, C1425 Cdad. Autónoma de Buenos Aires",Palermo,111531467162,,https://www.instagram.com/bodyfitpilatesok/#,5044,"5,0x78",,P&P,"Amplio, equipado, pelotas, aros en tonalidades grises, azules, pesas rojas y amarillas.",,"Hace 7 meses: Excelente centro de Pilates. Paula y su equipo son muy comprometidos y atentos con sus alumnos. Eso es un plus! Además, el grupo humano es excepcional.",21 años de experiencia en bienestar. Pilates para embarazadas. Clases adaptadas para adultos mayores.Unisex/Personalizado,,"Lunes, martes, miércoles y viernes de 8 a. m.–9 p. m. jueves, 8 a. m.–10 p. m.sábado, 9 a. m.–1 p. m.","CHCG+W9 Buenos Aires, Cdad. Autónoma de Buenos Aires","Google maps, Ig",01-08-25,,
Pilates BARAKA,"Amenábar 80, C1426 Cdad. Autónoma de Buenos Aires",Colegiales- Palermo Hollywood,1164695997,,https://www.instagram.com/pilates.baraka/#,72,"4,4x7",,-,Básico,,Hace un mes: No recomendado. No respeta el horario por el que se le pago. Te cambia por el horario que ella puede,,,"Lunes a viernes de 10 a. m.–9 p. m. sábado, 11 a. m.–7 p. m.","CHF6+55 Buenos Aires, Cdad. Autónoma de Buenos Aires","Google maps, IG",15-09-25,IG se unió en agosto 2025,
Clic Pilates Palermo Hollywood,"Av. Dorrego 1789, C1414 Cdad. Autónoma de Buenos Aires",Palermo Hollywood,111532849318,,,,"5,0x8",https://www.clicpilates.com/,,,,,,,"lunes, miércoles y viernes de 7:45–10:45 a. m., 2–5 p. m. martes y jueves 7:45–11:45 a. m., 4–9 p. m.","CH95+H2 Buenos Aires, Cdad. Autónoma de Buenos Aires","Google maps, IG",15-09-25,"Franquicias: Pilar, Pilará, Escobar, Nordelta, Palermo Soho, Palermo Hollywood, Belgrano C y Olivos",
Lotuszen Pilates,"Arévalo 1736 5g, C1425 Cdad. Autónoma de Buenos Aires",Palermo Hollywood,1139174465,,https://www.instagram.com/lotuszenpilates?igsh=MXBiMDlpOWZieWxzdw==,775,"4,8x28",,Del Rio Pilates,Tonalidades beige (reformer) y amarillo- dorado (cartel-logo). Armonioso.,,"Hace un año: Es un lugar muy lindo, las chicas son amables y atentas. Espacio y ambiente perfecto para las rutinas. Las clases son personalizadas y eso me gusta.",,,Lunes a viernes de 8 a. m.–9 p. m,"CH95+QW Buenos Aires, Cdad. Autónoma de Buenos Aires","Google maps, IG",15-09-25,,
Pilates UMANO,"Costa Rica 6043, C1414 Cdad. Autónoma de Buenos Aires",Palermo Hollywood,1124794377,,https://www.instagram.com/umanopilates/#,538,"5,0x5",,Reformer de caño,"Moderno, iluminado, amplio.","Hace 2 meses: Excelente lugar y profesionalismos de los instructores. Están atentos a los alumnos y sobre todo corrigiendo si uno hace la técnica incorrecta. Buen ambiente, amigable y agradable.",,,,Lunes a viernes de 8 a. m.–8 p. m.,"CHC6+98 Buenos Aires, Cdad. Autónoma de Buenos Aires","Google maps, IG",15-09-25,Profes hombres,
Udana Pilates Studio,"Bulnes 1331, C1176 Cdad. Autónoma de Buenos Aires",Palermo,1172399099,,https://www.instagram.com/udanapilates/,290,"5,0x6",,Studio moderna,"Moderno, amplio, iluminado.",,"Hace un mes: aHermoso estudio de pilates. Abrieron hace poquito, probe clases con varios profes porque fui en distintos horarios y todos muy copados, se onta que saben mucho, estan atentos a cada postura. Me encanta la deco del lugar es super lindo y relajante",,,"Lunes a viernes de 8 a. m.–9 p. m. sábado, 10 a. m.–12 p. m.","CH3M+G7 Buenos Aires, Cdad. Autónoma de Buenos Aires","Google maps, IG",15-10-25,Abrieron el 11 de agosto de 2025.,
Naos Pilates Studio,"Av. Cnel. Díaz 2733, C1425 Cdad. Autónoma de Buenos Aires",Palermo,1159945686,,https://www.instagram.com/naos.pilates/#,1358,"4,7x21",,-,"Moderno, amplio, iluminado, armonioso.",,"Hace un mes: El espacio es lindo y está bien cuidado. Pese a eso, no me sentí muy cómoda con la profesora. La clase fue cero personalizada y las formas por parte de ella me parecieron un poco brutas.",,,"Lunes a viernes de 7 a. m.–9 p. m. sábado, 9 a. m.–2 p. m.","CH9W+C2 Buenos Aires, Cdad. Autónoma de Buenos Aires","Google maps, IG",15-10-25,Abrieron el 4 de agosto,
Balance Pilates,"Paunero 2750, C1425DIA C1425DIA, Cdad. Autónoma de Buenos Aires",Palermo Chico,1121824672,,https://www.instagram.com/balancebyemi,162,"5,0x2",,Pilates mat,"Armonioso, tonalidades en torno al azul, gris, verde, blanco, violeta. Amplio e iluminado.",,,"Un estudio pensado para vos. En nuestras clases de Pilates Mat no solo trabajamos en la colchoneta: también incorporamos pesas, bandas, pelotas y más para que cada movimiento sea completo, dinámico y desafiante.",-,De lunes a domingo de 8 a. m.–2 p. m.,CH9R+68 Cdad. Autónoma de Buenos Aires,"Google maps, IG",15-10-25,Abrieron el 8 de septiembre de 2025,
KaiBliss | Yoga & Wellness,"Av. Cerviño 4483, C1425 Cdad. Autónoma de Buenos Aires",Palermo,1176260949,,https://instagram.com/kaiblisstudio,,"5,0x49",http://www.kaibliss.com.ar/,FOX,"Moderno, amplio, iluminado, paleta de colores grises, beige, dorado.",,Hace 2 meses: Kaibliss es un lugar mágico. Desde que entras la energía es muy cálida y todo el personal te hace sentir cómoda y contenida para que tengas la mejor experiencia. Tome unas clases de pilates mat excelentes! Súper recomiendo,Centro de bienestar integral,"Centro de bienestar integral, Yoga, Pilates, Barre, Meditación, Kai Spa, Coffee Bliss","Lunes a viernes de 8 a. m.–1 p. m., 5–9 p. m. sábado, 9 a. m.–1 p. m.","CHFH+JM Buenos Aires, Cdad. Autónoma de Buenos Aires","Google maps, IG; web.",15-10-25,Abrieron el 21 de abril de 2025. Es una familia y hacen varias prácticas.,
Ambika Pilates Palermo,"José A. Cabrera 5950 1A, C1414 Cdad. Autónoma de Buenos Aires",Palermo,1127811105,,https://www.instagram.com/pilates.ambika/?hl=es-la#,,"4,8x6",,Idepil.com,,,,,,"Lunes a viernes de 8 a. m.–12 p. m., 5–9 p. m. sábado, 9 a. m.–1 p. m.","CH85+Q5 Buenos Aires, Cdad. Autónoma de Buenos Aires","Google map, IG",15-10-25,Tiene una sede en Caballito y otra en Palermo.,
Naroa Pilates,"Uriarte 1696, C1414 Cdad. Autónoma de Buenos Aires",Palermo Soho,111527966458,,https://www.instagram.com/naroapilates/?hl=es#,7836,"4,7x110",http://naroapilates.com.ar/,P&P,,,Hace 2 meses: Me encanta el lugar y el profesionalismo de las profesoras. Te cuidan y las clases son siempre distintas. Entrenas tu cuerpo de manera entrenida. Todo el equipo del lugar es genial! Lo recomiendo!,"Naroa Pilates es una empresa familiar que, además, comparte la pasión por la salud y el cuidado del cuerpo a través del movimiento.",RPG (reeducacion postural global) y Terapia Manual.,"Lunes, martes y jueves de 8 a. m.–12 p. m., 4–9 p. m. miércoles y viernes de 8 a. m.–1 p. m., 5–10 p. m. sábado, 9 a. m.–1 p. m.","CH79+7F Buenos Aires, Cdad. Autónoma de Buenos Aires","Google maps, IG, web",15-10-25,"Tiene tres sedes, Recoleta, colegiales y Palermo. Liderados por kinesiólogo.",
Dash Pilates & Yoga,"Av. Raúl Scalabrini Ortiz 2069, C1425BKU Cdad. Autónoma de Buenos Aires",Palermo Soho,1169239777,,https://www.instagram.com/dash.pilates/?hl=es,1298,"4,0x43",,-,básico,,"Editado 3 semanas atrás: Probé un mes, las clases fueron más de funcional que de pilates. Las camillas o los cadillac se usaban para ejercicios muy particulares. Me pasó que la profesora la última clase por la cual elegí no ir más hizo comentarios despectivos en relacion a mi ropa y a mi elección de no saltar la soga en frente de toda la clase, gritándome que no tenía dignidad y que tenía la edad suficiente para hacerlo y ahí decidí dejar de ir. No lo recomiendo para nada",,,Lunes a viernes de 8 a. m.–8 p. m.,"CH6H+PQ Buenos Aires, Cdad. Autónoma de Buenos Aires","Google maps, Ig",16-10-25,,
ATTIC - Pilates & Barre Studio,"Honduras 4822, C1425 Cdad. Autónoma de Buenos Aires",Palermo  Soho,111571451598,,https://www.instagram.com/attic.pilates?igsh=eDhzajhoNjE1bXUy&utm_source=qr,482,"5,0x8",,-,"Moderno, luminoso,",,Hace un mes: Un estudio súper luminoso con excelente equipamiento. Las chicas son lo más!,,,,"CH6C+2H Buenos Aires, Cdad. Autónoma de Buenos Aires","Google maps, IG",16-10-25,Abrieron en septiembre de 2025,
MP Pilates,"Cavia 3108, C1425 Cdad. Autónoma de Buenos Aires",Palermo,111525760122,,https://www.instagram.com/mppilates_,4384,"5,0x2",,FOX,"Básico, equipado.",,Hace un mes: Hola!! Empecé a hacer pilates en este lugar hace unos meses y las clases son increíbles. Los profesores son muy buenos explicando los ejercicios. Ofrece una variedad de clases desde gente principiante hasta gente que ya hace pilates de hace tiempo (mi caso). Muy bienvenida. Gracias c:,,,"Lunes a viernes de 4 a. m.–12 a. m. sábado, 8 a. m.–12 a. m.","CHFV+JH Buenos Aires, Cdad. Autónoma de Buenos Aires","Google maps, IG",16-10-25,En marzo abrieron una nueva sede en Palermo.,
Pilates HIIT,"Av. Córdoba 5869, C1414 Cdad. Autónoma de Buenos Aires",Palermo Hollywood,11-3485-7514,info@pilates-hiit.com,https://www.instagram.com/pilateshiitok/#,"78,6 mil","4,9x131",http://www.pilates-hiit.com/,P&P,"Moderno, amplio, power, muchas luces…",,"Hace un mes: Vengo tomando clases en pilates hiit y es algo que le recomiendo a todo el mundo probar, además de ser una actividad súper completa donde entrenas, te divertís y te adentras en una experiencia espectacular desde que entras al estudio hasta que te vas, las luces, la música, la calidad humana de todo el equipo es hermosa, tuve la suerte de probar clases con casi todas las profes del equipo y todas tienen algo especial y a destacar. gracias phiit!! Amo todo","Nuestro método PHIIT® conecta el Pilates con intervalos de alta intensidad (High Intensity Interval Training). Logramos una alta quema calórica, flexibilidad y desarrollo muscular. En clases intensas, dinámicas y divertidas.",,"Lunes a viernes de 8 a. m.–9 p. m. sábado, 9 a. m.–2 p. m.","CH74+RV Buenos Aires, Cdad. Autónoma de Buenos Aires","Google maps, IG, web",16-10-25,Ofrecen cursos y master class,
Quequi Pilates,"Emilio Ravignani, Soler y, C1414 Buenos Aires",PALERMO HOLLYWOOD,54 911 2582 1932,info@quequipilates.com.ar,https://www.instagram.com/quequi.pilates/#,335,"5,0x9",https://www.quequipilates.com.ar/,-,básico,,"Hace 2 meses: Estoy feliz por el cambio que voy notando..Quequi tiene paciencia y exigencia a la vez,ahora entiendo lo bueno de ellos.Me siento acompañada en este proceso de mejorar..Gracias profe!! Tus clases y espacio me dan energía y mucha paz!!","En nuestro estudio nos especializamos en la práctica del Método Pilates, con un enfoque en la técnica, el control postural y la mejora funcional del cuerpo. Nuestro objetivo es brindar un entrenamiento consciente, seguro y efectivo, adaptado a las necesidades individuales de cada alumno",,Lunes a viernes de 8 a. m.–9 p. m.,"CHC7+JQ Buenos Aires, Cdad. Autónoma de Buenos Aires","Google maps, IG, web",16-10-25,"Soy Cecilia Linares, bailarina e instructora certificada en el Método Pilates",
PuraVida Pilates,"Ángel Justiniano Carranza 2317, C1425FXE Cdad. Autónoma de Buenos Aires",Palermo,1150543444,,https://www.instagram.com/puravida_yoga_pilates/?hl=es#,3609,"4,5x94",,-,"Amplio, iluminado, equipado, diseño naturalista en la pared, pelotas grises, pesas coloridas.",,"una semana atrás: Nueva Recomiendo mucho las clases en Pura Vida tanto en Carranza como en las Cañitas. Los/las profesores/as son lo mas, te incentivan a dar lo mejor de vos en cada clase y siempre hay algun desafio que lo hace super divertido. Lo que me gusta de las clases es que los movimientos se realizan de manera consciente y tienen en cuenta a cada alumno. Tambien recomiendo la formación de Pilates Reformer con orientacion en Kinesiologia en Pura Vida. La realice con Juan, gran maestro y guia en el camino a seguir aprendiendo sobre la práctica. Muy agradecida de haber conocido Pura Vida y sus profesores!",,,Lunes a viernes de 9 a. m.–9 p. m.,"CHC8+VW Buenos Aires, Cdad. Autónoma de Buenos Aires","Google maps, IG,",16-10-25,Tiendes dos Estudios y un espacio de Yoga.,
Pilates Clásico - Raquel Sosa Estudio,"Ángel Justiniano Carranza 1944, C1414 Cdad. Autónoma de Buenos Aires",Palermo,1150463195,info@raquelsosa.com.ar,https://www.instagram.com/raquel.sosa.estudio/?hl=es#,5677,"4,9x62",http://raquelsosa.com.ar/,-,"Amplio, tiene un salón para principiantes y otro personalizado. Equipado, luminoso.",,"una semana atrás Nueva: Ir a pilates es uno de los mejores momentos de mi semana. Todos /as instructores del estudio tienen una mirada muy atenta y personalizada. El espacio es hermoso, tranquilo y con una energía muy linda. Siempre lo recomiendo a quienes quieren hacer pilates clásico -de verdad!- o quienes quieran mejorar su postura y bienestar corporal. El estudio de Raque es sin dudas el mejor al que fui jamás!","Nuestro estudio se encuentra en una hermosa casona vintage en el corazón de Palermo Hollywood. Un espacio exclusivo diseñado para pocas personas, donde cada entrenador se enfoca en la atención personalizada de cada estudiante.",,"Lunes a viernes de 8 a. m.–9 p. m. sábado, 9 a. m.–12 p. m.","CH97+QF Buenos Aires, Cdad. Autónoma de Buenos Aires","Google maps, IG, web",16-10-25,Profe formada de bailarina,
Powerhouse Pilates,"Bonpland 2029, C1414 Cdad. Autónoma de Buenos Aires",Palermo,1161711943,,https://www.instagram.com/estudiopowerhousepilates/,2367,"4,8x39",,VC,Básico,,"Hace un mes: Hice pilates con las chicas desde el 1er mes de embarazo hasta el 8vo mes. Realmente mi cuerpo se ha sentido de maravillas durante todo el embarazo gracias a los ejercicios y acompañamiento que me han realizado en Powerhouse. Todas/os lo profes muy buenos, bien capacitados y súper amables. El lugar es perfecto, ya que al haber cupos de máximo 4 personas por clase, eso hace que cada sesión sea bien personalizada lo que me encantó! Recomiendo mucho este centro y sobre todo si estás embarazada!!!!",,,Lunes a viernes de 8 a. m.–9 p. m,"CH98+MC Buenos Aires, Cdad. Autónoma de Buenos Aires","Google maps, IG,",16-10-25,Ofrecen cursos y capacitaciones,
Pilates Flow,"Humboldt 2211, C1425FUC Cdad. Autónoma de Buenos Aires",Palermo,1138776699,,https://www.instagram.com/pilatesflow.donato/#,981,"5,0x2",,Idepil,Básico,,"Hace un mes: Me encantó la clase! Es una mezcla perfecta entre entrenamiento y estiramiento y salí con una sonrisa grande, gracias",,,"Lunes a viernes de 8 a. m.–9 p. m. sábado, 9 a. m.–1 p. m.","CH99+JM Buenos Aires, Cdad. Autónoma de Buenos Aires","Google maps, IG",16-10-25,Tiene varias sedes…,
Toulouse Pilates Palermo,"Bonpland 2363, C1425FRA Cdad. Autónoma de Buenos Aires",Palermo,1153584489,cámara,https://www.instagram.com/toulouse.pilates/?hl=es#,"10,2 mil","5,0x72",http://www.toulousepilates.com/,P&P,"Equipado, amplio, iluminado.",,Hace 10 meses: Probé en todos los lugares de pilates en palermo. No hay como las profes de touluse. Llevo 2 años y medio. Me siento muy cuidada en cada clase.,"En Toulouse le proponemos al alumnado construir una actitud activa, presente y con ansias de evolucionar. Tanto en sus movilidades como en sus entendimientos de su anatomía y corporalidad",,Lunes a viernes de 8 a. m.–9 p. m.,"CHC9+PF Buenos Aires, Cdad. Autónoma de Buenos Aires","Google maps, IG, web",16-10-25,"Tiene 4 sedes, colegiales, Chacabuco, cañitas, Palermo. Ofrecen cursos.",
Eutónico Pilates,"Humboldt 2454, C1425 Cdad. Autónoma de Buenos Aires",Palermo,1124888068,,https://www.instagram.com/eutonicopilates/#,914,"4,9x36",,Reformer de caño,Básico. Tonalidades azules.,,"Hace 2 meses: Hace tres meses que voy y me siento muy agradecida con el estudio por la excelente experiencia que estoy teniendo allí . Desde el momento en que entré, me sentí muy cómoda y apoyado por los profes. Las clases son desafiantes y agradables , y me ayudaron a mejorar mi flexibilidad, fuerza y equilibrio. Los profesores se toman el tiempo para asegurarse de que cada alumno esté realizando los ejercicios correctamente y de manera segura. La atención personalizada y el ambiente relajado me permiten sentirme cómoda y disfrutar del proceso de aprendizaje. Recomiendo este estudio a cualquiera que busque mejorar su salud y bienestar. ¡Es un lugar increíble!","Proponemos nuestra actividad, Pilates, como un redescubrimiento de nuestro cuerpo. Establecer un nuevo vínculo mas saludable que se prolongue en el tiempo. Tomamos el nombre eutónico para representarnos, en homenaje al método de eutonía, que nos inspira a trabajar desde de una perspectiva de consciencia corporal. Con Pilates, entrenamos el cuerpo en totalidad haciendo hincapie en la conciencia del cuerpo y la mecánica de movimiento. Empezamos entrenando lo más sencillo “escucha activa”, que por medio de indicaciones claras nos estimula cognitivamente y nos desafia a la coordinación y concentración. Gradualmente aumentamos la dificultad e intensidad en la práctica.",,Lunes a viernes de 8 a. m.–9 p. m.,"CHCC+HJ Buenos Aires, Cdad. Autónoma de Buenos Aires","Google maps, IG, web.",17-10-25,Instructora y profesora y bailarina de Tango.,
DDB pilates,"Godoy Cruz 2880, C1425 Cdad. Autónoma de Buenos Aires",Palermo,111554859247,,https://www.instagram.com/ddbpilates/,397,"4,9x20",,Studio moderna Pilates,"Espejos grandes, espacio amplio. Pared dibujada como un cielo con nubes.",,Hace 2 meses: El lugar está espectacular y muy bien puesto! La atención muy buena y una clase muy profesional! Lo recomiendo mucho,"DDB pilates es mucho más que un estudio. Es un espacio de pertenencia donde el movimiento se convierte en ritual, y el bienestar es una forma de vida. Nacido desde una historia real de transformación, como extensión natural de DDB ballet, con el mismo sello de excelencia, proponemos una experiencia que no solo modela el cuerpo, sino que eleva la calidad de vida. Cada clase está pensada para reconectar con el cuerpo desde el cuidado, la presencia y la intención. Un lugar al que querés volver.",,"Lunes a jueves de 8 a. m.–8 p. m. viernes, 8 a. m.–3 p. m. domingo, 10 a. m.–1 p. m.","CHFG+6F Buenos Aires, Cdad. Autónoma de Buenos Aires","Google maps, IG",17-10-25,Abrieron en julio de 2025. Vinculado a la danza.,
Pramana Pilates Studio,"Av. Sta. Fe 4534, C1425 Cdad. Autónoma de Buenos Aires",Palermo Soho,1134951802,,https://www.instagram.com/pramanapilates.studio/?hl=es-la,1234,"4,9x43",,-,"Equipado, amplio, iluminado.",,"Hace 5 meses: Es un placer aprender el método Pilates en un espacio como el de PRAMANA. Tienen una inmensa variedad de elementos de trabajo del Método (impecables y de calidad) y una guía profesional y precisa para profundizar en la práctica, en un espacio cuidado y limpio. Cada clase es un encuentro con un aprendizaje integral y amable que me inspira y estimula a seguir aprendiendo. Para quien esté con ganas, recomiendo especialmente la experiencia de clases individuales!!",,,"Lunes a viernes 8 a. m.–12 p. m., 3–8 p. m. sábado, 9 a. m.–12 p. m.","CHCG+83 Buenos Aires, Cdad. Autónoma de Buenos Aires","Google maps, Ig",17-10-25,,
Tu mundo Pilates,"Bulnes 1730, C1425 Cdad. Autónoma de Buenos Aires",Palermo,1157668735,,https://www.instagram.com/tumundopilates_/?hl=es#,3280,"4,9x60",,-,básico,,Hace 5 meses: Feliz de haber encontrado este espacio para hacer pilates. Las profes muy buenas y la atención de las secretarias es de 10.,,,"Lunes a viernes 8 a. m.–12 p. m., 4–9 p. m.","CH5P+C2 Buenos Aires, Cdad. Autónoma de Buenos Aires","Google maps, IG",17-10-25,"Tiene dos sedes, cañitas y Palermo.",
BG PILATES BARRIO NORTE,"Araóz, Juncal y, 1025 Cdad. Autónoma de Buenos Aires",Palermo,111524717556,Betina González,https://www.instagram.com/bg.pilatesintegral/,219,"5,0x3",,Studio moderna Pilates,Básico,,"Hace 2 meses: Beti es muy genia. Las clases son súper personalizadas, te sentis muy cuidada y se trabaja un monton!",,,"Lunes a miércoles y viernes 8 a. m.–12 p. m., 4–9 p. m. jueves, 12 a. m.–12 p. m., 4–9 p. m.","CH8P+9W Buenos Aires, Cdad. Autónoma de Buenos Aires","Google maps, IG",17-10-25,Abrió en febrero de 2025,
Jaz Cherbenco Pilates Clásico,"Av. Cerviño 3542, C1425 Cdad. Autónoma de Buenos Aires",Palermo,111554639756,,https://www.instagram.com/jazcherbenco.pilates/#,1846,"5,0x15",,-,Básico,,3 semanas atrás: Nueva: Es sin dudas el mejor espacio para aprender y practicar Pilates. Jaz es una increíble docente. Conoce muchísimo sobre esta maravillosa técnica y lo transmite con mucho cuidado al detalle y paciencia. Sabe escuchar lo que cada uno/a necesita. Las clases son dinámicas y Jaz tiene un gran cuidado y respeto por el cuerpo y sus procesos. Salgo feliz siempre!,,,Lunes a viernes de 8 a. m.–8 p. m.,"CH9R+V9 Buenos Aires, Cdad. Autónoma de Buenos Aires","Google maps, IG",17-10-25,,
Mamiwata Pilates Reformer,"Av. Rivadavia 6126, C1406 Cdad. Autónoma de Buenos Aires",Caballito,111571724563,,https://www.instagram.com/mamiwatapilates/?hl=es-la#,4032,"5,0x48",,IProfe,"Paleta de colores violetas, azul y grises, pelotas, luces. Diseños especiales para fechas.",,"Hace 6 meses: El mejor lugar para hacer pilates! Las clases son dinámicas, con buena música, ejercicios completos y el momento de elongación que es clave. Me sentí muy cómoda desde el día uno, el estudio también es hermoso estéticamente y hay un montón de elementos para utilizar en las clases. Todo es muy organizado, desde la inscripción, los cambios de horarios o la recuperación de clases si lo necesitás. Super recomendado, una genia la profe cami",Entrená diferente: Pilates reformer + funcional + cardio,,"De lunes a viernes de 8 a. m.–9 p. m. sábado, 9 a. m.–1 p. m.","9GFX+W2 Buenos Aires, Cdad. Autónoma de Buenos Aires",Google maps instagram,5-08-25 Revisado23-10-25,,
The Pilates Studio,"San José de Calasanz 219, C1424AHE C1424AHE, Cdad. Autónoma de Buenos Aires",Caballito,54 11 5125-0664,,https://www.instagram.com/thepilatesstudiook/?hl=es#,5469,"4,8x35",,Idpil.com,"Moderno. Iluminado. Paletas de colores malvas, verdes, pelotas y aros flex.",,"Editado una semana atrás: Lamento tener que hacer este review pero hay que reconocer lo bueno como lo malo. Era alumna recurrente y me encantaban las clases de Anto, sin embargo, hasta hoy estoy en este lugar por la dueña. Ademas de ser muy prepotente, prácticamente me hizo sentir como si su sistema de cobros era mi culpa cuando ella misma reconoció que habia sido un error interno de su local. Yo me alinee a la información que su hija me dió cuando comencé los pagos para ganar un turno fijo comprometida siempre pagando cuando me avisaban ya venia el proximo cobro y hoy después de aun tener la recurrencia la señora decidió no era asi, que el error era de sus empleadas pero la culpable por no leer papeles en el lugar era yo. Con gestos de burla y muy desagradables me terminó diciendo que si abonaba las clases serian si había disponibilidad.... que triste de verdad este nivel de trato y espero aprendan a tratar mejor a las personas que quieren estar en su espacio, porque al final el servicio es lo unico que tienen para ofrecer y eso sobrevive gracias a personas como yo que deciden pagarlo y a la excelentes clases que Anto nos da. Te extrañare Anto!",-,,"Lunes a viernes de 8 a. m.–9 p. m. sábado, 8 a. m.–2 p. m.","9HH6+6M Buenos Aires, Cdad. Autónoma de Buenos Aires",Google maps Instagram,5-08-25Revisado 23-10-25,"Tiene dos sedes. Calasanz 219,Caballito Sur. Honorio Pueyrredón 1010 – Caballito Norte. En la revisión del 23-10 no abre el IG",
Etnya Pilates,"Av. Pedro Goyena 388, C1424 C1424BSQ, Cdad. Autónoma de Buenos Aires",Caballito,1139696534,,https://www.instagram.com/etnyapilates/?hl=es#,3626,"4,1x67",,Del Rio Pilates Reformer,,,"Hace 7 meses: Dan mil vueltas para responder una pregunta simple por wpp y encima con bastante mala onda. Solo quería reservar una clase de prueba, pero la atención es tan horrible que se me fueron las ganas. Atencion desastrosa.Como no contestan los whatsapp,ig etc.me acerque a la sucursal de Zuviria,por unas rejas vi 4 o 5 personas sin hacer nada,me abrieron un poquito la puerta como para que no vea nada,le explico y me dice cuales son tus ultimos numeros asi te contesto.Como se tomo su tiempo me acerque a la sede de Pedro Goyena donde me mate tocando timbre y nadie me atendio.Despues de eso me responden por whatsapp que puedo tomar una clase de prueba y que les deposite $ 4000 y mande el comprobante,ahi si estaba apurada.Le mando el comprobante,le pregunto si recibio el pago y me responde 4 dias despues osea el dia de mi clase si iba a ir.No fui porque si empezamos asi que me queda para despues.Hoy me manda un whatsapp diciendo que perdi mi clase por no contestar ni ir.Mi clase te la deje paga! Es verdad como lei que hay mala energia y predispisicion nada mas ni nada menos en un lugar que dan clases de yoga y pilates.",-,Yoga,"Lunes a viernes, 9 a. m.–9 p. m. Sábado, 9 a. m.–2 p. m.",9HF8+MX Cdad. Autónoma de Buenos Aires,Google masp instagram,5-08-25 Revisado 23-10-25,"Tiene dos sedes en: Av Pedro Goyena 388 y Zuviria 601, Caballito",
Armonia Pilates,"altura Doblas al 650, Pje. la Mar 158, C1424 Cdad. Autónoma de Buenos Aires",Caballito,1161525188,,https://www.instagram.com/pilatesenarmonia/,1532,"4,5x42",,-,"Colorido, paredes rojas.",,Hace 2 meses: Los profesores son buenos. Dejé de ir porque por las mañanas la dueña se pasaba charlando con el profesor durante la clase. Lo consideré una falta de respeto.,-,,"Lunes- viernes de 8 a. m.–1 p. m., 4–9 p. m. sábado, 8 a. m.–1 p. m.","9HWH+6H Buenos Aires, Cdad. Autónoma de Buenos Aires","Google maps, IG",23-10-25,,
Tu Espacio de Pilates y Estética,"San José de Calasanz 15, C1424 Cdad. Autónoma de Buenos Aires",Caballito,1124032989,cámara,https://www.instagram.com/tuespaciodepilatesyestetica/?hl=es#,2188,"4,9x4",,-,"Pared con tonalidades malvas, tienen plantas,",,"2 semanas atrás: Nueva Feliz de haber encontrado éste estudio de Pilates! Hace 1 año y medio que tomo clases en la sede ""Rosario"" y solo tengo palabras de agradecimiento no sólo para las profes que son todas unas genias, te súper explican y tienen una paciencia infinita para adaptarte los ejercicios si no podés con alguno, sino también con Adri y Miranda que son un amor y te responden al toque si necesitas cambiar algún turno o cualquier duda que presentes. Si realmente querés sentirse mejor y súper cuidada, no importa la edad que tengas, no dejes de probar ésta experiencia! Recomiendo 100%!!!!",-,"Estética, masajes, área holística","Lunes a viernes, 8 a. m.–9 p. m. Sábado, 9 a. m.–3 p. m.4,8x","9HJ6+3C Buenos Aires, Cdad. Autónoma de Buenos Aires",Google maps instagram,23-10-25,Miembro de Cámara de Pilates. En junio cumplieron 13 años.,
Espacio Activa Primera Junta,"Yerbal 719, C1405CDO Cdad. Autónoma de Buenos Aires",Caballito,1130407086,,https://www.instagram.com/espacioactivapilates/?hl=es#,4147,"4,8x40",http://www.espacioactiva.com/,Studio moderna Pilates,"Básico. Paredes de tonalidad verde. Pelotas azules, puerta a calle.",,"Hace 6 días: Nueva: Hace varios inicié pilates aquí,ly ahora retomé.excelente el poder reprogramar mis ausencias.GEORGINA ,que la tuve en una suplencia me pareció su clase dinámica y llevadera,mirando a sus alumnas atentamente.",-,,· Lun - Vie: 8:00am - 21:00pm. Sab: 9:00am - 13:00pm,"9HJ5+FJ Buenos Aires, Cdad. Autónoma de Buenos Aires",Google maps Instagram,5-08-25 Revisado 23-10-25,"Tiene tres sedes: Rivadavia 6177, Flores, Yerbal 719, Primera Junta, Doblas 230, Caballito.",
AC Atelier Pilates,"Av. Rivadavia 5040 Piso 11 C, C1406 Cdad. Autónoma de Buenos Aires",Caballito,1151648777,,https://www.instagram.com/acatelierpilates/#,278,"4,6x20",,Life Pilates,"Básico. Espejos, reformer, pelotas.",https://quedeporte.com.ar/ac-atelier-pilates-,Hace 2 meses: Hermoso espacio donde las clases son súper completas y dan ganas de volver. La profe esta muy encima de cada ejercicio y eso se agradece.,"AC Atelier Pilates: Clases de pilates con resultados reales, atención personalizada y buena energía. Tu lugar para desconectar y reconectar",,"Lunes- viernes 9 a. m.–9 p. m. Sábado, 9 a. m.–1 p. m.","9HJ7+F6 Buenos Aires, Cdad. Autónoma de Buenos Aires",Google maps Instagram,5-08-25 revisado 23-10-25,,
BODY LIFE PILATES,"Hidalgo 168, C1405 Autónoma de Buenos Aires, Cdad. Autónoma de Buenos Aires",Caballito,111551760080,,https://www.instagram.com/bodylifepilates.caballito/#,1417,"5,0x9",https://bodylifepilates.com.ar/,Idpil.com,"Tonalidades verde pastel. Pelotas grises, reformer clásicos.",,"Hace 7 meses: El mejor lugar de pilates en Caballito. Los profes son todos unos genios, las chicas de la recepción unas divinas y el ambiente muy cálido y relajante. 100% recomendable","Las clases de Body Life Pilates, están fundamentadas en una metodología efectiva, creada por Joseph Pilates, y guiadas por profesores certificados que te guían y acompañan en cada paso. Todo en un ambiente especialmente diseñado para tu bienestar.⁠",,"Lunes- viernes, 8 a. m.–9 p. m. sábado, 9 a. m.–1 p. m.",9HM6+3H Cdad. Autónoma de Buenos Aires,Instagram google maps,"05-08-25, revisado 23-10-25","Más de 30 años en fitness. Redes activas, con mucha información.",
PILATES Bajo Impacto,"Av. Avellaneda 870, C1405CNV Cdad. Autónoma de Buenos Aires",Caballito,1149881777,,https://www.instagram.com/bajoimpacto/?hl=es-la#,1523,"4,5x36",,-,"En instagram, tonalidades rosa pastel. Básico.",,"Hace un año: Muy mala la atención al cliente,estuvimos con mi pareja esperando 15 min afuera con el frío,porque mi pareja quería abonar para el mes para poder empezar pero la chica por más que nos veía no se acercaba y nos ignoraba,no teníamos forma de llamarla porque no tienen timbre y no podiamos golpearle el vidrio para que nos atendiera""porque ponia un cartel de no golpear el vidrio"" y no teníamos forma de que nos pueda atender,aunque nos veia la chica que estaba dando la clase,una con rulos afro,pero no se le dió las ganas de acercarse a la puerta a preguntar que nesecitabamos...si asi atienden a la clientela nueva,no me quiero imaginar las clases...asique nada, a seguir buscando un lugar con mejor predisposición para alguien que quiere empezar....",-,"Masajes, limpieza facial, depilación.","Lunes- viernes 8 a. m.–12 p. m., 4–10 p. m.","9HM4+FV Buenos Aires, Cdad. Autónoma de Buenos Aires",Google maps instagram,05-08-25,,
Humanu Pilates,"Neuquén 705, C1405 Cdad. Autónoma de Buenos Aires",Caballito,1159828015,,https://www.instagram.com/humanupilates/#,2567,"5,0x85",https://www.humanupilates.com/,-,Básico,,"Hace 2 meses: Muy buenas las clases! Recomiendo 100% . Se siente la atención personalizada y el trabajo súper satisfactorio.. salir con la energía renovada no tiene precio, sigan así!","Prof. de Ed. Física: Instructor de Pilates clásico y contemporáneo, Instructor de Indoor cycle, Instructor de Spinning",,"Lunes y viernes7 a. m.–9 p. m. martes y jueves 5–9 p. m. miércoles, 8 a. m.–9 p. m. sábado, 9 a. m.–1 p. m.","9HM5+MM Buenos Aires, Cdad. Autónoma de Buenos Aires","Google maps, instagram","05-08-25, revisado 23-10-25",El profe es un hombre (Manu),
Cinética Pilates,"Terrero 910 PB A, C1406 Cdad. Autónoma de Buenos Aires",Caballito,111528395613,,https://www.instagram.com/cineticapilates/#,282,"4,9x32",,-,Básico,,"Editado Hace un mes: Bel corazón desde su profesionalismo hasta su simpatía y buenas vibras. Empecé sus clases en 2021 gracias a la recomendación de mi hermana que fue años antes. Las clases son increíbles. Siempre algo nuevo para aprender e ir fortaleciendo el cuerpo, la mente y sobre todo los conocimientos del cuerpo. Destaco las correcciones de posturas y el tener en cuenta molestias físicas y/o enfermedades que impidan hacer algún ejercicio particular. Todo se puede reemplazar.",-,-,"Lunes a viernes 8 a. m.–9 p. m. sábado, 9 a. m.–12 a. m.","9GMQ+CG Buenos Aires, Cdad. Autónoma de Buenos Aires","Google maps, IG",27-11-25g,Apertura octubre de 2025,
Move On Pilates,"Guayaquil 124, C1424CAD Cdad. Autónoma de Buenos Aires",Caballito,1159960868,,https://www.instagram.com/pilatesmoveon?igsh=MXBnNXU3bDN4NzJqcA==,315,"5,0x19",,P&P,"Tonalidades violetas, pelotas grises, pared con dibujo de flor violeta.",,"Hace 6 meses: Ambiente cálido, la profe es clara y amable! Me siento muy agusto!",-,,Lunes a viernes de 7:0 am a 10:00 pm. Sabado de 8:00 a 5:00 pm.,"9HJ9+3W Buenos Aires, Cdad. Autónoma de Buenos Aires",Google maps instagram,"05-08-25,revisado23-10-25",,
Maestro Pilates,"Pje. Dr. Gregorio Aráoz Alfaro 421, C1424 Cdad. Autónoma de Buenos Aires",Caballito,111534421050,,https://www.instagram.com/maestropilates/?hl=es,2120,"4,9x39",,P&P,"Básico, colorido.",,"Variada la propuesta de clases y ritmos acordes a cada alumno. Profesores amorosos, lugar impecable y energía súper cuidada.El lugar es cálido y la variedad de actividades está buenísima!.",-,Pilates circuito aeróbico integral,"Lunes- viernes, 8 a. m.–9 p. m. sábado, 9 a. m.–12 p. m.","9HM7+Q8 Buenos Aires, Cdad. Autónoma de Buenos Aires","Instagram, google maps",05-08-25,,
Maria Azar Pilates,"Av. La Plata 151 local 11, C1184 Cdad. Autónoma de Buenos Aires",Caballito,507 6476-1981,Existe?,https://www.instagram.com/mariaazarpilates/#,3081,"5,0x7",,-,"Hermosa vista, espacio amplio, equipado.",,3 semanas atrás:Excelente profesora! Muy atenta y cuidadosa con sus alumnas/os. Hermoso espacio. Lo recomiendo ampliamente.,-,,"Lunes- viernes de 10 a. m.–8 p. m. Sábado, 10 a. m.–1 p. m.","9HMC+78 Buenos Aires, Cdad. Autónoma de Buenos Aires",Google maps,"06-08-25, revisado 23-10-25","En abril festejaron el 15 aniversario, la profe es bailarina de tango.",
NUEVO PILATES,"Juan B. Ambrosetti 491, C1405 BIC, Cdad. Autónoma de Buenos Aires",Caballito,1152289836,pilatesnuevo@gmail.com,https://www.instagram.com/nuevopilatesurquiza/#,996,"4,7X12",,-,"Tonalidades en torno al verde, espacio amplio.",,"Hace un mes: Empecé este mes, muy lindo lugar, Gianluca de entrenamiento funcional es lo más!!! está al lado tuyo enseñándote y mirando cómo haces los ejercicios que es fundamental para alguien como yo que nunca hice gimnasia, al principio me anoté un día en Pilates y otro en funcional y terminé eligiendo los 2 días de funcional!! Súper recomendable!!!",-,"Kinesiología, rehabilitación, masajes","lunes, 8 a. m.–12 p. m., 5–10 p. m. martes, 8 a. m.–12 p. m., 4–10 p. m. miércoles, 8 a. m.–12 p. m., 4–9 p. m. jueves, 8 a. m.–12 p. m., 4–10 p. m. viernes, 8 a. m.–12 p. m., 4–9 p. m. sábado, 9 a. m.–1 p. m.",,Google maps Instagram y web,06-08-25,"Tiene dos sedes, Caballito y Villa Urquiza",
ALMA Pilates,"Felipe Vallese 606, C1405CWH Cdad. Autónoma de Buenos Aires",Caballito,1165604648,,https://www.instagram.com/alma.pilates/?hl=es#,3084,"4,4x26",,P&P,"Tonalidades turquesas, verdes pastel, pelotas color malva. Amplio a iluminado.",,"Hace 4 meses: Me comunique por recomendación de un alumna, ya que yo tb soy profe. Lamentablemente dejo mala reseña por no estar a la altura de ni siquiera contestar los msjs.",-,,"Lunes, martes y jueves 8 a. m.–12 p. m., 5–9 p. m. miércoles y viernes 8 a. m.–1 p. m., 5–9 p. m. sábado, 10 a. m.–1 p. m.","9HQ5+53 Buenos Aires, Cdad. Autónoma de Buenos Aires",Google maps Instagram,06-08-25,Ofrecen capacitaciones,
Pilates Clásico Nati Milito,"Av. Gaona 1674, C1406 Cdad. Autónoma de Buenos Aires",Caballito,1123299448,,https://www.instagram.com/pilatesclasico_natimilito/#,3344,"4,9x35",,-,"Fotos de pilates, y de los 34 ejercicios originales a la entrada. Equipado, colorido, con plantas",,"""Excelente lugar para entrenar Pilates clásico.""Naty es una genia, sabe un montón, y explica con mucho amor y paciencia",https://linktr.ee/pilatesclasico,,"Lunes – viernes de 7:30 a. m.–9 p. m.sábado, 8 a. m.–1 p. m.","9GQX+Q8 Buenos Aires, Cdad. Autónoma de Buenos Aires","Google maps, instagram","06-08-25, revisado23-10-25",,
"Pilates by CORE - CABALLITO, DIRECTORIO","Av. Directorio 680, C1424 Cdad. Autónoma de Buenos Aires",Caballito,111568747973,,https://www.instagram.com/pilatesbycore/,4681,"5,0x14",https://pilatesbycore.fit/,Pilates Mat,"Amplio, iluminado.",,"2 semanas atrás: Nueva. El primer lugar en el que logré entrenar con ganas y tener constancia. Los/as profes y el personal de Core son lo más, siempre con buena onda y alentando para que lo des todo! Recomiendo 100% para quienes, como yo, nunca nos enganchamos con los gimnasios convencionales.","Pilates by CORE es una propuesta de entrenamiento que combina lo mejor de dos mundos: la precisión del pilates y la intensidad del HIIT, todo usando únicamente el peso de tu cuerpo. No se utilizan máquinas como el reformer, y cada clase mantiene la esencia de CORE, energía, calidez y motivación.",,"Lunes a viernes de 7–10 a. m., 6–9 p. m.","9HC7+G7 Buenos Aires, Cdad. Autónoma de Buenos Aires","Google maps, IG",24-10-25,"Tiene 7 sedes. Belgrano, Recoleta, Pilar, Quilmes, próximamente Núñez. Saavedra, y caballito.",
BA PILATES CABALLITO,"Riglos 396, C1424 Cdad. Autónoma de Buenos Aires",Caballito,111557184643,,https://instagram.com/pilatesbacaballito?igshid=YmMyMTA2M2Y=,3588,"4,9x10",,-,"Tonalidades malvas. Básico. Espacios pequeños, con reformer, barril escalera, Cadillac.",,"Hace 2 meses: Es un lugar lindo, buenas profes y lindas clases",-,,Lunes a sábado de 7 a. m.–9 p. m.,"9HG7+QG Buenos Aires, Cdad. Autónoma de Buenos Aires","Google maps, IG",24-10-25,,
Philautía Pilates,"Av. José María Moreno 242, C1424 AAP, Cdad. Autónoma de Buenos Aires",Caballito,1122403246,,https://www.instagram.com/philautia.pilates/?hl=es#,1859,"5,0x67",,Studio moderna y,"Armonioso, tonalidades de colores en torno al amarillo (quemado), amplio, equipado. Tiene clases especiales con springboard, Build Chair. League chair,",,"Hace 5 meses: Quería felicitarlas, la verdad que son clases que no tienen desperdicio, y con resultados a corto plazo, y lo más importante PERSONALIZADAS! Porque no dejan de mirarte y corregir desde el amor! ROMINA UNA GENIA! Gracias gracias gracias! El salón está impecable limpio, ordenado y con alguna frase en la pizarra que te llega al alma!",-,Combinan con Yoga.,De lunes a sábado.,9HH7+MW Cdad. Autónoma de Buenos Aires,"Google maps, IG",24-10-25,"Muy lindo Estudio, diferente. Posible candidato para entrevistar.",
Ambika Caballito,"Av. La Plata 351 1A, C1235ABA Cdad. Autónoma de Buenos Aires",Caballito,1166703922,,https://www.instagram.com/pilates.ambika/?hl=es-la,4269,"4,4x78",,Idpil.com,Básico.,,"3 semanas atrás: NuevaLas clases con profes de excelencia, atentas a las necesidades de cada alumna. Super organizado desde que entras al edificio. Y una pulcritud Única. La verdad un momento dedicado a uno Único. Realmente SI vale la pena. pena. Muchas gracias a todo el Equipo Ambika",-,,"lunes, 8 a. m.–9 p. m. martes y jueves de 8 a. m.–10 p. m. miércoles, 8 a. m.–2 p. m., 5–9 p. m.","9HJC+CC Buenos Aires, Cdad. Autónoma de Buenos Aires","Google maps, IG",24-10-25,Tenemos registradas dos sedes: Palermo y Caballito.,
Pilates Flow Hidalgo,"Hidalgo 762, C1405 Cdad. Autónoma de Buenos Aires",Caballito,1138776699,,https://www.instagram.com/pilatesflow.hidalgo/?hl=es#,1848,"4,6x33",,Idepil.com,"Amplio, equipado, colores en torno al gris.",,"Hace 2 meses: Una hora y media hablando por whatsapp con una representante y no es capaz de decirme cuánto salen las clases. Entiendo que tengan sus tácticas para hacerte ir a probar una clase, pero tampoco está bueno que te hagan perder el tiempo así",-,,Lunes a viernes de 8 a. m.–9 p. m.,"9HQ5+PG Buenos Aires, Cdad. Autónoma de Buenos Aires","Google maps, Ig",24-10-25,,
Pilates Estudio & Entrenamiento,"C. Dr. Juan Felipe Aranguren 79, C1405 Cdad. Autónoma de Buenos Aires",Caballito,1171366612,,https://www.instagram.com/pilatesetudioyentrenamiento/#,308,"4,7x57",,Del Río Pilates,Básico.,,"Hace un mes: Pao es una excelente profesora, dedicada con cada alumna. Los grupos son reducidos lo cual es una ventaja porque puede dedicar más tiempo a corregirte y acompañarte sobre todo si tenes una lesión o es la primera vez que haces pilates. Desde que empecé pude ver cambios en mi cuerpo y en mi fuerza, sin ningún dolor o molestia incluso teniendo lesiones de base. Además las clases son dinámicas y van cambiando siempre. Eso me motiva a seguir yendo. Super recomendable",-,,"Lunes a viernes de 9 a. m.–8 p. m. sábado, 10 a. m.–12 a. m.","9HR9+26 Buenos Aires, Cdad. Autónoma de Buenos Aires","Google maps, IG",26-10-25,,
Triskel Wellness Center,"Hortiguera 236, C1406CKF Cdad. Autónoma de Buenos Aires",Caballito,1154763645,triskelwcenter@gmail.com,https://www.instagram.com/triskelwellnesscenter/#,1733,"5,0x16",https://www.triskelwellnesscenter.com.ar/,,-,-,-,"Brindamos tratamientos especializados en distintas áreas de la kinesiología moderna mediante equipos de trabajo altamente capacitados y certificados en distintos métodos y técnicas, relacionados con la postura, la estética y la recuperación funcional y la terapia manual.",,Lunes a viernes de 9 a. m.–7 p. m.,"9HF3+WH Buenos Aires, Cdad. Autónoma de Buenos Aires","Google maps, web, IG",27-10-25,Es un centro de Kinesiología que ofrece Pilates Terapéutico.,
ZONA PILATES,"Zapiola 1963, C1428CXA Cdad. Autónoma de Buenos Aires",Belgrano,1147805720,,https://www.instagram.com/zonapilates1/?hl=es#,269,"5,0x3",,P&P,"Básico. Paleta de colores naranja- pared, azul- pelotas, verde- cintas.",,,-,Asesoramiento nutricional.,"De lunes a viernes de 8–11 a. m., 5–9 p. m. Sábado, 10 a. m.–12 p. m.","CGMQ+44 Buenos Aires, Cdad. Autónoma de Buenos Aires",Instagram y google maps,"25-07-25, revisado 27-10-25",Sin nuevas opiniones en google y poco aumento de seguidores en IG (8 nuevos),
Alfa&Omega Pilates,"Blanco Encalada 3179, C1426 Cdad. Autónoma de Buenos Aires",Belgrano,1165114517,,https://www.instagram.com/pilatesalfaomega/#,351,"5,0x2",,-,"Básicos, Dos reformers en departamento.",,3 semanas atrás:Nueva. Mí experiencia es maravillosa. Yo jamás tuve conducta para trabajar mí cuerpo e instarlo a la salud. Con Nina lo logré. No faltó aunque esté en un crucero. Mí clase de pilates por zoom es genial . Mí próxima apuesta es ir a su estudio.,-,,De Lunes a viernes de 9 a. m.–8 p. m.,"CGPM+J9 Buenos Aires, Cdad. Autónoma de Buenos Aires","IG, google maps","25-07-25, actualizado 27-10-25",,
Ossom Pilates,"Vidal 2076, C1428CSF Cdad. Autónoma de Buenos Aires",belgrano,1170582099,,https://www.instagram.com/ossomestudio?igsh=MWJlcjh3aGk4NnRmdw%3D%3D#,2759,"4,9x14",,Reformer no clásicos,"Amplio, moderno, mensajes en inglés, reformer (no clásicos)",,"una semana atrás: Nuevahoy tuve mi primera clase con la profesora pampa y fue increíble, ella es muy atenta y amable, excelente profesional. el lugar es acogedor, las máquinas muy buenas. me encantó todo. Hace 4 meses-La semana pasada fui a una clase y quise volver el miércoles 5/03. Fui estaba buscando para estacionar y no encontré ninguno. Les escribi pidiéndoles por favor si podían dejarme ir otro día ya que no quise faltar a la clase simplemente no pude llegar por el auto. Primero me respondió como si fuera una máquina que no podían porque solo se cancela la clase 4horas antes, sin entender que yo fui estaba a 1 cuadra buscando donde dejar el auto. Les volví a escribir y siguieron sin entenderme, me pareció muy feo y sin tacto.",-,,"De Lunes a viernes de 8 a. m.–8 p. m. sábado, 8 a. m.–2 p. m.","CGPQ+5W Buenos Aires, Cdad. Autónoma de Buenos Aires","Google maps, IG","25-07-25,actualizado 27-10-25",Aumentó a 2922 los seguidores de IG,
BSM Pilates,"Amenábar 2244, C1428 Cdad. Autónoma de Buenos Aires",Belgrano,1151795074,bsmpilates@gmail.com,https://www.instagram.com/bsmpilates/#,619,"4,9x51",https://bsmpilates.com/,-,"Amplio, moderno, reformer no clásicos. Tonalidades de colores grises, negros.",,"4 semanas atrás: Ha sido genial ingresar a pilates BSM , en mi experiencia mi grupo es bueno el ambiente es aún mejor y la profesora es la mejor (la amo) . Comencé el día de mi cumpleaños y hasta el momento ha sido la experiencia más vivida de todo el paseo en argentina …Hace un mes El lugar es hermoso y estético, con todo lo necesario para las prácticas de pilates. Las profes que me tocaron profesionales y atentas a corregir cualquier mal movimiento. Me siento muy cómoda tanto en el espacio como en las clases, además de la amplia variedad de horarios. Recomiendo totalmente!","Belu y Vero son sus creadoras, dos apasionadas por el pilates que buscaban ofrecer algo distinto.Un lugar donde cada detalle esté pensado para el bienestar de los alumnos. BSM = Balance | Strength | Movement (Equilibrio | Fuerza | Movimiento)",,"De Lunes a viernes de 8 a. m.–9 p. m. sábado, 10 a. m.–2 p. m.","CGQR+73 Buenos Aires, Cdad. Autónoma de Buenos Aires","Ig, google maps, web","25-07-25, actualizado 27-10-25","Tienes planes básico, avanzado, intensivo. Subió a 715 los seguidores de iG. ABRIÓ EN abril de 2025.",
MUV Pilates Belgrano,"Av. Juramento 2550, C1428 Cdad. Autónoma de Buenos Aires",Belgrano,1162971814,,https://www.instagram.com/movepilatesbelgrano/?hl=es-la#,2694,"4,9x185",https://muvpilates.taplink.ws/,Del Río Pilates,Básico.,,"Hace 3 meses: Nunca había hecho pilates y empecé hace dos meses en MUV, lo amé. Las profes son un amor, súper pacientes y las clases se adaptan a cada uno, el ambiente siempre limpio y tienen todo tipo de accesorios para hacer la clase dinámica. Lo súper recomiendo Editado Hace un mes: Las clases son muy buenas, variadas y completas. Se trabajan todas las partes del cuerpo en forma equilibrada y una nota, con el paso del tiempo, cómo gana en flexibilidad, fuerza, mejora la postura. Las profes cuidan las necesidades y particularidades de cada alumna, en un muy buen clima de trabajo. 100% recomendable!","En pleno Belgrano, nuestro estudio de Pilates FIT y Reformer te espera con clases diseñadas para potenciar tu bienestar. Nos enfocamos en brindar una experiencia personalizada, donde cada movimiento responde a tus objetivos y necesidades.",,"De Lunes a viernes de 8 a. m.–1 p. m., 5–9 p. m. sábado, 10 a. m.–1 p. m.","CGPR+QR Buenos Aires, Cdad. Autónoma de Buenos Aires","Google maps, Ig",27-10-25,,
Pilates Delpino,"Av. Olazábal 2417, C1428 Cdad. Autónoma de Buenos Aires","Belgrano, sede nueva en Recoleta.",1126875566,,https://www.instagram.com/pilates.delpino/?hl=es#,5656,"5,0x13",https://pilatesdelpino.com/,Studio Moderna Pilates,"Amplio, tonalidades negras y grises.",https://linktr.ee/pilatesdelpino,"Hace 6 días: Nueva, Muy lindo lugar para entrenar con los profes más copados.",-,,"Lunes a viernes de 8 a. m.–9 p. m. sábado, 9 a. m.–12 p. m.","CGQR+WH Buenos Aires, Cdad. Autónoma de Buenos Aires","Google maps, IG",2-10-25,Tiene tres sedes: dos en Belgrano y una en Recoleta.,
Maori Pilates,"Superí 2486, C1430FEF Cdad. Autónoma de Buenos Aires",Belgrano,111565283742,,https://www.instagram.com/pilatesmaori/?hl=es-la#,1020,"4,8x27",,.,"Tonalidades en torno al verde, entrepiso /subsuelo. Básico.",,"Hace 5 mesesImpecables! Siempre están buenas las clases, ayudan a recuperarse y están atentos a cada uno. Súper recomendable. Manuel y su equipo son buena gente y buenos profesionales","Conozca nuestros estudios de Pilates en Belgrano, Palermo y Recoleta. Profesores universitarios. Salidas aeróbicas complementarias al aire libre todos los SÁBADOS!",Especializado en Fit Pilates.Clases online,-,"CGPJ+46 Buenos Aires, Cdad. Autónoma de Buenos Aires","Google maps, Ig",27-10-25,"Tiene tres sedes, Belgrano, Palermo y recoleta.",
PILATES FIT,"Vuelta de Obligado 2286 piso 4, C1428 Cdad. Autónoma de Buenos Aires",Belgrano,-,pilatesfitbelgrano@gmail.com,https://www.instagram.com/pilatesfit__/#,4836,"4,5x85",http://www.pilatesfitbelgrano.com/,"P&P, p-equipe","Diseño naturalista, pared con pintura de plantas, equipado: Cadillac, chair, reformer,",Siguefit,"Hace 5 mesesNunca responden los mensajes. 0 estrellas. Les escribí para conocer el lugar y reservar una clase de prueba y me dejaron re colgada por IG. Claramente no es un buen lugar...tengan cuidado si reservan clases y les pagan de antemano. No parece un lugar fiable.Hace un año: Fui a una clase de prueba (se gestiona automáticamente por una app). Ese mismo día, hace 2 semanas, les escribí para decirles que quería anotarme y empezar a tomar las clases. NUNCA RESPONDIERON. Es imposible comunicarte. No tienen teléfono. Solo podes escribirles por Intagram, y evidentemente la chica que lo gestiona no tiene nada de interés en que te anotes. Ya les pedí 3 veces que me contacten porque quería empezar en Mayo, pero no hay caso.",-,,"Lunes a viernes de 8 a. m.–9 p. m. sábado, 9 a. m.–1 p. m.","CGRV+33 Buenos Aires, Cdad. Autónoma de Buenos Aires","Google maps, web, Ig",27-10-25,,
Be Pilates,"Arribeños 1408, C1426 Cdad. Autónoma de Buenos Aires",Belgrano,,bepilatesbelgrano@gmail.com,https://www.instagram.com/bepilates__/?hl=es#,8981,"4,7x143",https://www.bepilates.com.ar/,Refomer de caño.,"Moderno, amplio, iluminado, tonalidades pastel amarillo, rosa, grises.",,"Hace 4 meses: Asisto hace 2 años a Be Pilates y no puedo estar más conforme. El lugar es amplio, cómodo y siempre impecable en cuanto a limpieza. Los profesores están muy bien capacitados en el método Pilates y logran transmitir seguridad y confianza en cada clase. El ambiente es cálido, relajado y muy acogedor, ideal para conectar con uno mismo y disfrutar del ejercicio. Sin dudas, un lugar para recomendar.","En Be, creemos en el compromiso, profesionalismo, dedicación, y buena predisposición, para con nuestros alumnos. Es nuestro ""enfoque"", nuestra mirada de pertenencia y respeto, lo que nos diferencia; permitiéndonos establecer un vínculo de responsabilidad y armonía, con quienes nos eligen cada día.",,"lunes, 8 a. m.–7 p. m. martes y jueves 8 a. m.–9 p. m. miércoles y viernes 8 a. m.–8 p. m. sábado, 10 a. m.–1 p. m.","CHP4+33 Buenos Aires, Cdad. Autónoma de Buenos Aires","Google maps, IG",27-10-25,"“La comunicación es exclusivamente a través de nuestro correo electrónico; de lunes a viernes, de 10:00 a 18:00hs.”",
Bicca Pilates Studio,"Av. del Libertador 6299, C1428 Cdad. Autónoma de Buenos Aires",Belgrano,,,https://www.instagram.com/biccapilatesstudio/#,742,"5,0x64",http://biccapilatesstudio.com/,-,"Estilo minimalista, amplio, iluminado,, espejos ovalados, moderno,",,"Hace 4 meses: Hacer pilates con Abi fue un antes y un después en mi vida. Abi no solo es muy meticulosa en la corrección de la técnica, sino que también hace mucho foco en la respiración y la conciencia corporal. Me siento mucho mejor desde que tomo sus clases. Hace un mes: Un estudio de pilates impecable! Primero por el profesionalismo de los profesores y luego por su estética tan cuidada y bien elegida que hace que una se sienta cómoda y en un espacio cálido y hermoso. Lo super recomiendo!","El espacio está ubicado en Avenida del Libertador 6299. Los horarios de atención son de lunes a viernes de 8 a 20hs y sábados de 10 a 12hs. Cuenta con variedad de equipamiento como reformer, mueble alto, silla wunda, silla para bebé, corrector de columna, colchoneta y accesorios pesitas, tobilleras, círculo mágico, bandas elásticas. También tenemos purificador de agua para que llenes tu botellita y estés hidratada/o.",,"Lunes a viernes de 8 a. m.–8 p. m. sábado, 10 a. m.–12 p. m.","CHW2+F2 Buenos Aires, Cdad. Autónoma de Buenos Aires","Google maps, IG",27-10-25,,
Prana House - Yoga & Pilates,"Av. del Libertador 6328, C1428 Cdad. Autónoma de Buenos Aires",Belgrano,541176261655,pranahousear@gmail.com,https://www.instagram.com/pranahouse.ar/#,6335,"4,9x38",https://pranahouse.ar/,MB Desing,"Moderno, amplio, iluminado, agradable. Paleta de colores claros beige, naranja, color madera",https://s3.reservaclase.com/pranahouse/,"Hace 4 meses: Un lugar hermoso y cálido, ideal para desconectar y reconectar con uno mismo. La atención es excelente: siempre amables, atentas y con mucha dedicación. Se nota que hay amor en todo lo que hacen. Las clases son muy completas, con un enfoque integral que va más allá de lo físico. Lo recomiendo!","Nuestra misión es ofrecerte un espacio donde puedas encontrar armonía en medio del ritmo acelerado de la ciudad, donde cada clase sea un momento para escucharte, fortalecer tu cuerpo y cultivar tu bienestar desde adentro hacia afuera.",Yoga,"De lunes a viernes, 8 a. m.–9 p. m. sábado, 8 a. m.–1 p. m.","CGWX+GQ Buenos Aires, Cdad. Autónoma de Buenos Aires","Google maps, IG, web.",27-10-25,"Reformes modernos marca MB desing. Muy completo en cuanto a vías de reservas, trabajo en redes, equipos etc.",
Soho Pilates,"Av. del Libertador 6299, C1428ARF Cdad. Autónoma de Buenos Aires",Belgrano,1131170207,,https://www.instagram.com/pilatessoho/#,1259,"5,0x10",http://sohopilates.com/,Del Río Pilates,"Moderno, paleta de colores beige, y dorado.",https://webapp.siguefit.com,"Hace 10 meses: El mejor estudio de pilates que podes encontrar. Pau es una excelente instructora, sus clases nunca se repiten, te diseña la clase en base a las capacidades de cada alumna. Las clases estan a la altura de cualquier estudio del mundo, es un lugar limpio, cómodo, de fácil acceso, y Pau es de las mejores instructoras de pilates con las que tome clases. si estas buscando un lugar para hacer pilates, no lo dudes, Es este! Hace 6 meses: Estas buscando un lugar para descontracturar tu dia, relajar luego del trabajo, o bien comenzar a tu mañana estirando tranquilamente? Entonces este NO es tu lugar. Aca vas a trabajar, chivar, entrenar como nunca, la profe esta logrando que me mueva mas que para conseguir un regalo el 24 de Diciembre. Seguire yendo a ver en que terminó transformándome, 10/10",-,,"Lunes a viernes de, 8 a. m.–8 p. m. sábado, 8 a. m.–12 p. m.","CHW2+F2 Buenos Aires, Cdad. Autónoma de Buenos Aires","Google maps, IG, web",27-10-25,,
Pilates Coy,"Migueletes 1180, C1426 Cdad. Autónoma de Buenos Aires",Belgrano,111565911964,,https://www.instagram.com/pilatescoy/#,678,"4,9x15",-,"Ambiente naturalista, plantas, paleta de colores verde pastel, moderno, amplio. Muy equipado.",,No tiene recientes,,-,,De lunes a viernes 8 a. m.–8 p. m.,"CHP6+CG Buenos Aires, Cdad. Autónoma de Buenos Aires","Google maps, IG2",27-10-25,"Reformes no clásicos, bien equipado el estudio. Seguidora de la escuela de Auténticos pilates (brasileña). Certificada en The Pilates Studio Inelia Garcia",
Estudio Pilates Zen,"Echeverría 1287, C1428 Cdad. Autónoma de Buenos Aires",Belgrano,1131265383,,https://www.instagram.com/pilateszenok/?hl=es-la#,3798,"4,8x48",-,FOX,Básico y colorido.,,Hace un año: Zenca es una excelente profesional y persona. Siempre está muy atenta al seguimiento de cada alumno y sus clases son siempre dinámicas,,,"Lunes, miércoles y viernes de 8 a. m.–6 p. m. martes, 8 a. m.–7 p. m.","CHV4+H5 Buenos Aires, Cdad. Autónoma de Buenos Aires","Google maps, Ig",27-10-25,,
Met pilates club,"Vuelta de Obligado 1524, C1426 Cdad. Autónoma de Buenos Aires",Belgrano,1176055765,,https://www.instagram.com/metpilatesclub/#,292,"5,0x17",-,"Amplio, iluminado, con espejos rectangulares, armonioso.",,Hace 2 meses: Un lugar cálido excelente la profe una genia recomindo 100% ! Además la zona super linda!,,-,,"lunes, 8–11 a. m., 5–8 p. m. martes y jueves 9 a. m.–12 p. m., 5–9 p. m. miércoles y viernes, 8 a. m.–12 p. m., 5–8 p. m.","CGMX+FQ Buenos Aires, Cdad. Autónoma de Buenos Aires","Google maps, IG",28-10-25,Abrió en mayo de 2025,
Pilates menta,"Av. Cabildo 1370, C1426ABN Cdad. Autónoma de Buenos Aires",Belgrano,111579712233,pilatesmenta@gmail.com,https://www.instagram.com/pilatesmenta/#,653,"5,0x4",https://mentapilates.com/,P-equipe,"Amplio, moderno, iluminado, armonioso.",,"3 semanas atrás: Nueva: Hermosa experiencia, espacio y muy buena clase de Luna! Super recomendados, sin duda alguna volvería. Les deseo mucho Éxito en esta nueva academia de Pilates","Menta es un espacio de transformación donde el cuerpo encuentra su ritmo y la mente, su pausa.",,"Lunes a viernes de 8 a. m.–12 p. m., 5–8 p. m.","CHJ2+W4 Buenos Aires, Cdad. Autónoma de Buenos Aires","Google maps, IG",28-10-25,Abrió en septiembre de 2025,
Kenko pilates,"Virrey del Pino 2712, C1426 Cdad. Autónoma de Buenos Aires",Belgrano,1164751832,,https://www.instagram.com/kenkopilates?igsh=azZranB4bDg3NTA3&utm_source=qr,495,"4,8x22",,-,"Moderno, amplio, iluminado y armonioso.",,"Hace un mes. Un nuevo y fantástico lugar para disfrutar de tu salud. Un ambiente tranquilo y agradable, entrenadores maravillosos. Lo recomiendo al 100%.",-,,"lunes, miércoles y viernes de 8 a. m.–1 p. m., 3–9 p. m. martes y jueves 8 a. m.–1 p. m., 4–9 p. m. sábado, 9 a. m.–1 p. m.",,"CGJV+MJ Buenos Aires, Cdad. Autónoma de Buenos Aires","Google maps, IG",28-10-25,Abrió en septiembre de 2025
BARRE ESTUDIO,"Echeverria, Belgrano 1565, Cdad. Autónoma de Buenos Aires",Belgrano,-,,https://www.instagram.com/barre.estudio/,2683,,,-,Pilates barre y mat,Siguefit,"Hace 6 meses- No suelo escribir en maps pero Dios este lugar es un lugar de paz, recargas energías y salis a enfrentar al mundo con la mejor vibra dada por las profes y sus clases. Ademas aprendes posturas de Ballet inconscientemente, ¡Me encantó! Lo super recomiendo, anímense a vibrar alto",-,,"Lunes y miércoles de 7–8 p. m. martes, 6–7 p. m. sábado, 10–11 a. m.","CHR2+RV Buenos Aires, Cdad. Autónoma de Buenos Aires","Google maps, IG",28-10-25,,
Vita Terapia Corporal,"Av. Juramento 2017, 1*BAHR Cdad. Autónoma de Buenos Aires",Belgrano,1165763716,,https://www.instagram.com/vitaterapiacorporal/?hl=es-la#,3037,"5,0x34",,p-equipe,"Armonioso, moderno, equipado.",,Hace un mes. Es un placer tomar clases en este hermoso y confortable estudio. El espacio luminoso y con plantas invita a un trabajo consciente y profundo. Las clases de Yuri son maravillosas,-,,"Lunes a jueves de 8 a. m.–9 p. m. viernes, 8 a. m.–8 p. m. sábado, 9 a. m.–12 p. m.","CGRW+3M Buenos Aires, Cdad. Autónoma de Buenos Aires","Google maps, Ig",28-10-25,,
Pilates Studio Benessere,"Echeverría 2780, C1428 Cdad. Autónoma de Buenos Aires",Belgrano,260154656905,,https://www.instagram.com/benessere_pilates_studio?igsh=ejFlNmRnOGttNW1o&utm_source=qr,233,"5,0x1",Pilates Mat online,básico,,-,,-,,-,"CGMR+W7 Buenos Aires, Cdad. Autónoma de Buenos Aires","Google maps, IG",29-10-25,,
Vení a Pilates Estudio,"Zapiola 2418, C1428 Cdad. Autónoma de Buenos Aires",Belgrano,1139535224,elisa.pollini@gmail.com,-,,"4,8x56",,-,,,"Hace 3 meses. Tomo clases de pilates con Elisa hace un poco más de un año. El espacio es ameno, cómodo y muy bien equipado. Las clases son personalizadas y Elisa está atenta a todas las necesidades de los alumnos . Se nota que es una profesora con mucha experiencia y muy bien formada en la técnica . Tomé clases en otros estudios previamente que no me gustaron, pero a Eli no la cambio por nada .",,,-,"CGPM+QG Buenos Aires, Cdad. Autónoma de Buenos Aires","Google maps, Facebook",30-10-25,No encontré IG,
Ágape Unisex Pilates,"Amenábar 2081, C1428 Cdad. Autónoma de Buenos Aires",Belgrano,111578887090,,https://www.instagram.com/agape.unisex.pilates?utm_source=ig_web_button_share_sheet&igsh=ZDNlZDc0MzIxNw%3D%3D# 455,455,,-,"Studio moderna (chair),reformer de caño","Armonioso, tonalidades azules",,"5,0x18 - Hace 5 meses: Un lugar muy cuidado, moderno, con infraestructura de 1ra calidad. Nuestra profe Diana es super profesional, detallista y dedicada. La decoración es preciosa, linda música y pequeña zona para tomar agua, hacerte un té o comer caramelos :). Ubicado en uno de los mejores barrios de BsAs. Es super completo y los ejercicios son magníficos. Lo súper recomiendo",,,"Lunes a viernes de 7 a. m.–9 p. m. sábado, 9 a. m.–3 p. m.","CGPR+MM Buenos Aires, Cdad. Autónoma de Buenos Aires","Google maps, IG",30-10-25,,
EQUMM Gimnasias & Pilates,"Av. Olazábal 1920, C1428 Cdad. Autónoma de Buenos Aires",Belgrano,1125341017,,https://www.instagram.com/eqummbelgrano/,2935,"5,0x36",-,"Asi un Gyn, muy variado",,"Hace un mes. Excelente profesor de pilate y buen precio, pero el lugar está en el subsuelo y con mucho polvo. Me provocaba rinitis alérgica, por eso dejé de ir.",,-,Pilates + Funcional con Reformer. Pilates FULL Gimnasias,lunes a viernes de 8hs a 21hs | sábados de 9hs a 13hs,"CGRW+XC Buenos Aires, Cdad. Autónoma de Buenos Aires","Google maps, IG",30-10-25,,
ÂME Pilates Body Ballet,"Av. Juramento 1475, C1428 Cdad. Autónoma de Buenos Aires",Belgrano,111559021957,cámara ,https://www.instagram.com/ame.pilatesbodyballet/?hl=es#,"23,6 mil","5,0x22",https://amepilates.com.ar/,Del Río Pilates,"Iluminado, amplio, pelotas grises, armonioso",,"Hace un mes. Pilates por bailarinas, el mejor estudio de Belgrano guiado por profesionales de la danza y apto para todo público",Pilates & Ballet para todo público por profesionales de la danza - Miembro de @ca.pi.af,"Pilates boby ballet, reformer barra, y barreworkout.","Lunes a viernes de 9 a. m.–9 p. m. sábado, 9 a. m.–1 p. m.","CHV3+C2 Buenos Aires, Cdad. Autónoma de Buenos Aires","Googlemaps, IG, web",30-10-25,Sede en Belgrano (abrió en septiembre de 2025) y en Recoleta. Profe bailarina.,
Mundo Pilates Belgrano,"Mendoza 2743, C1428DKU Cdad. Autónoma de Buenos Aires",Belgrano,1147063831,,https://www.instagram.com/mundopilatesbelgrano/?hl=es-la#,458,"5,0x26",,-,,,"3 semanas atrás. Nueva El lugar es excelente🤗!! Desde la atención de Alejandro por wp para asesorar y coordinar clases, hasta los profes que son muy cuidadosos y profesionales para brindar las clases, Nacho es un genio!!…",Miembro Fundador de la @ca.pi.af,"Patologías, Tercera, Edad Embarazadas,Adolescentes.","Lunes a jueves de 8 a. m.–12 p. m., 5–9 p. m. viernes, 8 a. m.–12 p. m., 4:30–8:30 p. m. sábado, 9 a. m.–1 p. m.5","CGPQ+RM Buenos Aires, Cdad. Autónoma de Buenos Aires","Google maps, Ig",30-10-25,,
Vibra Pilates,"Franklin D. Roosevelt 2445, C1428 Cdad. Autónoma de Buenos Aires",Belgrano,1169013963,,https://www.instagram.com/vibrapilates_belgrano,2125,"4,9x17",,P&P,Básico colorido.,,No hay recientes,-,,"Lunes a viernes de 8–10 a. m., 4–9 p. m. sábado, 10 a. m.–1 p. m.","CGRQ+VG Buenos Aires, Cdad. Autónoma de Buenos Aires","Google maps, IG",31-10-25,,
OStudio pilates y más,"Vuelta de Obligado 2538, C1428 autónoma de buenos aires, Cdad. Autónoma de Buenos Aires",Belgrano,111526127733,,-,,"5,0x32",,Del Río Pilates,"Armonioso, ambiente naturalista, con plantas, y mensajes sobre el Pilates en las paredes, espejos ovalados.",,"Hace 3 meses. Empecé hace dos meses y ahora no puedo parar! Es la primera vez que hago pilates y la verdad que me está cambiando mental y fisicamente. Me siento muchísimo mejor y con más fuerza. Lo mejor es que las profes son un amor, te acompañan en todo momento para que no te lastimes y te dan clases super personalizadas💖 Y ademas, la pasas súper bien! Muchas gracias por todo",-,,"Lunes a viernes de 8 a. m.–9 p. m. sábado, 9 a. m.–5 p. m.",CGVR+26 Cdad. Autónoma de Buenos Aires,"Google maps, IG",31-10-25,Sedes: Vuelta de Obligado 2538 y Vidal 1980. Profe-dueña venezolana.,
Le Mouvement Parfait,"Arcos 1399, C1426 BGE, Cdad. Autónoma de Buenos Aires",Belgrano,1147842806,lemouvement.parfait@yahoo.com.ar,-,,"4,6x23",,-,"Básico, paredes rosas,",,"Hace 7 meses: Muy mala experiencia. Fue una FALTA DE RESPETO a mi madre de 90 años . El miércoles 5 de marzo mi madre se acerca para averiguar horarios , y le dicen que regrese después de las 13 hrs .regresa a las 13.30 y le dicen que están en clase que regrese entre las 14 hrs y las 15hrs . Regresa a las 14.30hrs y nadie la atiende . Llama por teléfono y cel. a los números que están en la puerta y nadie contesta . Realmente una falta de profesionalismo",,,,CHM2+9V Cdad. Autónoma de Buenos Aires,"Google maps, face",31-10-25,"Profe kinesióloga,",
Espacio Balance,"Moldes 1596, C1426ALT Cdad. Autónoma de Buenos Aires",Belgrano,111558207836,,https://www.instagram.com/espaciobalance/?hl=es-la#,2119,"5,0x120",http://www.espaciobalance.com.ar/,STARKE,"Tonalidades malvas,",,"3 semanas atrás: NuevaMe encantan las clases, son súper dinámicas y las profes siempre atentos. El ambiente es re lindo. Clase a clase me siento más fuerte y salgo con buena energía. Recomiendo totalmente","Somos Espacio Balance, 2 salas de pilates reformer en un mismo estudio, mas de 18 años cuidando tu salud, estamos en el barrio de belgrano, moldes 1596!! .",,"lunes, miércoles y viernes de 8 a. m.–1 p. m., 3–9 p. m. martes y jueves de 8 a. m.–12 p. m., 5–9 p. m. sábado, 9 a. m.–12 p. m.","CGJV+PP Buenos Aires, Cdad. Autónoma de Buenos Aires","Google maps, IG",3-11-25,,
MovePilates Belgrano,"Cuba 2321, C1428 Cdad. Autónoma de Buenos Aires",Belgrano,111523876757,,https://www.instagram.com/movepilatesbelgrano/?hl=es-la#,3065,"4,8x19",,P&P,,,"Hace 8 meses. Hace muchos años que voy al estudio y Pilates me ayudo mucho a fortalecer mis huesos y reducir la osteopenia. Tome clases son muchos profesores a lo largo de los años y todos fueron muy profesionales. Andrea, la dueña, siempre dispuesta a ayudar y a escucharnos. Lo recomiendo!!!",-,,"Lunes y miércoles de 8 a. m.–1 p. m., 5–9 p. m. martes y jueves 8 a. m.–12 p. m., 1–3 p. m., 4–9 p. m. viernes, 8 a. m.–12 p. m., 5:30–8:30 p. m. sábado, 10 a. m.–1 p. m.","CGRV+FF Buenos Aires, Cdad. Autónoma de Buenos Aires","Google maps, IG",3-11-25,,
Moon Pilates,"Manuel Ugarte 1667, C1428 Cdad. Autónoma de Buenos Aires",Belgrano,1155837890,,https://www.instagram.com/moonpilates.ba/#,1850,"5,0x23",,-,"Armonioso, con plantas, iluminado.",,"2 semanas atrás. Nueva. Formo parte de Moon hace 4 años, desde que abrió sus puertas. Es un espacio lleno de profesionalismo, dedicación y amor. Te cuidan, te acompañan y te enseñan respetando tus posibilidades, pero siempre motivándote a ir por más. ❤️",,,"lunes, miércoles y viernes 8 a. m.–1 p. m., 5–9 p. m. martes y jueves 8 a. m.–9 p. m. sábado, 10 a. m.–1 p. m.","CGXW+46 Buenos Aires, Cdad. Autónoma de Buenos Aires","Google maps, IG",04-11-25,,
"Pilates by CORE - RECOLETA, MANSILLA","Gral. Lucio Norberto Mansilla 2714, C1425 Cdad. Autónoma de Buenos Aires",Recoleta,-,-,,,,,,,,,,,,"CH3V+MP Buenos Aires, Cdad. Autónoma de Buenos Aires",,,TIENE 6 SEDES,
Aura Pilates Recoleta,"Arenales 2250, C1124 Cdad. Autónoma de Buenos Aires",Recoleta,54 9 11 3111-6662,,https://www.instagram.com/aura.pilates.recoleta/?hl=es#,2512,4.5x36,,-,"Tonalidades azules, reformer de caño- modernos. Espacio pequeño.",,Hace 5 meses: Hace dos años que tomo clases en Aura Pilates y me cambió la vida! Me reinicio cada vez que salgo de las clases!! Se los recomiendo 👌 Todos los profes son super profesionales y al ser pocos alumnos es una clase personalizada,-,,"Lunes a viernes de 8 a. m.–10 p. m. sábado, 10 a. m.–12 p. m.","CJ42+6F Buenos Aires, Cdad. Autónoma de Buenos Aires","Google maps, IG",05-11-25,"Tiene dos sedes, otra en Talcahuano1186",
Go Fit Pilates Recoleta,"Laprida 1173, C1425 Cdad. Autónoma de Buenos Aires",Recoleta,1132068315,,https://www.instagram.com/go_fit_pilates/#,1047,"5,0x13",https://go-fit.com.ar/,APC,"Armonioso, tonalidades azules.",,"Hace 9 meses. Mucha variedad de horarios, clases cómodas y efectivas, y todos los materiales de trabajo están en excelente estado. Siempre se crea un ambiente excelente, desde las profesoras hasta el grupo de compañeras con quien compartís las clases. Además Sergio, el dueño, siempre está predispuesto y se nota que realmente se preocupa por el lugar y por los alumnos. Súper super recomendable!","Pilates Go Fit es un espacio dedicado al bienestar y la salud en Recoleta. Contamos con 2 sedes, una en Av. Córdoba 1525 6 piso y Laprida 1173.En ambas sedes encontrarás un ambiente acogedor donde combinamos movimiento, concentración y técnicas precisas para mejorar tu postura, fortalecer tu cuerpo y relajarte. Nuestras profesoras se adaptan a tus necesidades, ya seas principiante o avanzado.Horarios flexibles y opciones para todas las edades. Visítanos y descubre cómo transformar tu cuerpo y mente con Pilates Go Fit.",,"Lunes a viernes 8 a. m.–10 p. m. sábado, 9 a. m.–6 p. m.","CH3R+VR Buenos Aires, Cdad. Autónoma de Buenos Aires","Google maps, IG",05-11-25,,
Mon Rêve Pilates,"Billinghurst 1263, C1174 Cdad. Autónoma de Buenos Aires",Recoleta,1155692481,,https://instagram.com/monrevepilates?igshid=YmMyMTA2M2Y=,833,"5,0x99",,Studio moderna,"Tonalidades malvas, pared con flores malvas, mariposas.",,"Hace 4 meses. Excelente estudio de pilates! El sistema de turnos es impecable. Las profes todas muy buenas, cada una con su impronta. Especiales gracias a Flor, siempre muy atenta, cuidando a cada alumno según su situación y haciendo clases dinámicas y desafiantes, siempre con la mejor de las ondas.",-,,"Lunes a viernes 8 a. m.–9 p. m. sábado, 9 a. m.–1 p. m.","CH3P+XJ Buenos Aires, Cdad. Autónoma de Buenos Aires","Google maps, IG",05-11-25,,
ÂME Pilates Body Ballet,"Agüero 1595, C1425 Cdad. Autónoma de Buenos Aires",Recoleta,111531920990,cámara ,https://www.instagram.com/ame.pilatesbodyballet/?hl=es#,,"4,9x37",http://www.amepilates.com.ar/,Del Río Pilates,"Iluminado, amplio, armonioso.",siguefit,"una semana atrás. Nueva Increíble el nuevo espacio. El staff de profesionales es excelente y la forma en que abordan la danza y el pilates hace que cada clase sea súper enriquecedora. El lugar es cálido, motivador y muy cuidado. ¡Lo mejor en pilates, sin dudas!",-,,"Lunes a viernes de 9 a. m.–9 p. m. sábado, 9 a. m.–12 p. m.","CH5V+64 Buenos Aires, Cdad. Autónoma de Buenos Aires","Google maps, IG",05-11-25,"La profe es bailarina, miembro de la cámara de pilates. Tiene una sede en Recoleta y otra en Begrano.",
SoulPilates,"French 2260, C1428 Cdad. Autónoma de Buenos Aires",Recoleta,1165059761,,https://www.instagram.com/soulpilates_sentitebien/?hl=es#,1222,"4,1x27",,P-equipe,"Colorido, básico.",,Hace 8 meses. Excelente lugar de pilates!! Clases muy buenas para hombres. Super recomendable. Gracias a las clases mejoro mucho mi postura,-,,"Lunes a viernes de 8 a. m.–12 p. m., 4–9 p. m. sábado, 8 a. m.–9 p. m. domingo, 8 a. m.–9 p. m.","CJ52+7V Buenos Aires, Cdad. Autónoma de Buenos Aires","Google maps,ig",05-11-25,Se ve viejo el studio.,
Ameray Pilates,"Larrea, C1117 Cdad. Autónoma de Buenos Aires",Recoleta,111522531106,,https://www.instagram.com/ameray_pilates/,3657,"5,0x23",,Studio Moderna,"Tonalidades azules, espacio pequeño, armonioso.",,"Hace un mes. Empece pilates con Romi hace mas de un año y medio, destaco el profesionalismo, la buena onda y buena predisposición de Romi y su equipo para con sus alumnas. El estudio esta equipado con todo lo necesario, es muy luminoso y calido. Tienen muchos horarios a lo largo de todo el dia. Me encantan ir progresando y ganando mas fuerza en cada clase. Agradezco el dia en que encontré este espacio!.",-,,"Lunes a jueves de 8:30 a. m.–8 p. m. viernes, 8:30 a. m.–7 p. m.","CJ52+G5 Buenos Aires, Cdad. Autónoma de Buenos Aires","Google maps, IG",05-11-25,Tiene dos sedes en Recoleta.,
Otis Pilates,"Peña 2630 Recoleta Galería, UF 134, C1421 Cdad. Autónoma de Buenos Aires",Recoleta,1158457243,,https://www.instagram.com/otispilates/?hl=es-la#,703,"5,0x22",,Studio moderna,"Armonioso, colores en torno al beige, plantas.",,"Hace 5 meses. Hermoso ambiente, divina las profes! Las amo y la paciencia uff!! Genial",-,,"Lunes a viernes de 8 a. m.–8 p. m. sábado, 8 a. m.–12 p. m.","CH6X+JG Buenos Aires, Cdad. Autónoma de Buenos Aires","Google maps, IG",05-11-27,,
MS Pilates,"Laprida 2164, C1425EKX Cdad. Autónoma de Buenos Aires",Recoleta,1154165684,,https://www.instagram.com/pilates.ms/?hl=es#,645,"4,6x25",,-,Básico.,,"Hace un mes. Voy hace años y las clases son espectaculares! Los profes son muy atentos, te corrigen si haces mal un ejercicio, las clases son dinamicas y variadas. Recomendadisimo",-,,"Lunes a viernes de 8 a. m.–9 p. m. sábado, 11 a. m.–1 p. m.","CJ72+9H Buenos Aires, Cdad. Autónoma de Buenos Aires","Google maps, IG",06-11-25,,
Pilates Delpino,"Agüero 2241, C1425EHW Cdad. Autónoma de Buenos Aires",Recoleta,1153189076,,https://www.instagram.com/pilates.delpino/?hl=es#,5720,,https://www.pilatesdelpino.com/,Studio moderna,Amplio,,,,,,"CH7X+6P Buenos Aires, Cdad. Autónoma de Buenos Aires","Google maps, IG",06-11-25,"Tiene tres sedes: Virrey del Pino 2413, Olazábal 2417, Agüero 2241",
Meraki Yoga & Pilates,"Juan María Gutiérrez 2775, C1425 Cdad. Autónoma de Buenos Aires",Recoleta,1164757300,,https://www.instagram.com/meraki.omlates/#,8772,"5,0x44",,-,,https://merakiyoga.luweva.online/,No hay recientes,"Este lunes 22 de septiembre abrimos las puertas de OM LATES, la nueva propuesta de pilates en Meraki. Sumate a nuestras primeras clases y descubrí cómo transformar tu bienestar con cada movimiento. Tenés una clase de prueba gratis! Juan María Gutiérrez 2775",Yoga,,"CH7X+HM Buenos Aires, Cdad. Autónoma de Buenos Aires","Google maps, Ig",06-11-25,Om lates sería el nombre del Estudio.,
Studio recoleta pilates,"Austria 2272 6C, C1425 Cdad. Autónoma de Buenos Aires",Recoleta,1169473832,,https://www.instagram.com/studiorecoletapilates/?hl=es#,1212,"3,7x3",,Studio moderna Pilates,Básico.,,"Hace 8 meses: disfruté plenamente las clases de Fernanda y de Emi, pero las que da Fernando, me parece de un destrato su forma de corregir, a revisar las formas!",,,,"CH7X+C4 Buenos Aires, Cdad. Autónoma de Buenos Aires","Google maps, IG",10-11-25,,
Epiler Recoleta,"Sánchez de Bustamante 2372, C1425 Cdad. Autónoma de Buenos Aires",Recoleta,111552297856,,https://www.instagram.com/epilerclinic/?hl=es#,105 mil,"4,6x273",https://epiler.mitiendanube.com/,Del Río Pilates,Básico,,-,-,,"Martes a viernes de 9 a. m.–8 p. m. sábado, 9 a. m.–6 p. m.","CH7W+PC Buenos Aires, Cdad. Autónoma de Buenos Aires","Google maps, IG",10-11-25,Es un estudio de pilates dentro de un Centro de Estética.,
"Ser Zen barre, pilates y yoga","Billinghurst 2181, C1425DTQ Cdad. Autónoma de Buenos Aires",Recoleta,1128271774,sfit944@gmail.com,https://www.instagram.com/serzen.barreypilates/#,424,"5,0x8",https://web.bewe.co/serzen,-,"Básico, armonioso, equipos nuevos.",,"2 semanas atrás: Nueva. Primera vez probando barre y me encantó!! Las clases son buenísimas, muy personalizadas y con mucha energía! El lugar está muy bueno y siempre limpio. Definitivamente voy a seguir yendo.","Estudio de barre, pilates y yoga en Recoleta. Somos un espacio creado para entrenar con intención, mejorar la postura, reconectar con la mente y salir de la rutina.","Barre, Pilates semipersonalizado,  Yoga Postura | Fuerza | Cuerpo-mente","lunes, martes y jueves 7:30 a. m.–9:30 p. m. miércoles, 5:30–9:30 p. m. viernes, 8:30 a. m.–8:30 p. m. sábado, 9:30 a. m.–1:30 p. m.","CH7V+88 Buenos Aires, Cdad. Autónoma de Buenos Aires","Google maps, Ig",10-11-25,,
Integral Pilates,"Agüero 1764, C1425 Cdad. Autónoma de Buenos Aires",Recoleta,1136195866,,https://www.instagram.com/integralpilatesok/?hl=es#,1058,"5,0x3",,-,Básico,,"Hace 7 meses. Super recomendado por los profes y las clases. El entrenamiento es a medida, se adaptan a tus objetivos, necesidades y/o lesiones. Arranqué aqui y ya no puedo cambiarme de estudio.",-,,"lunes, 7 a. m.–10 p. m. martes, 9 a. m.–9 p. m. miércoles, 8 a. m.–10 p. m. jueves, 10 a. m.–9 p. m. viernes, 8 a. m.–9 p. m. sábado, 9 a. m.–12 p. m.","CH5V+QM Buenos Aires, Cdad. Autónoma de Buenos Aires","Google maps, IG",10-11-25,,
ESPACIO LUZ PILATES CLASICO,"C1227AAD, Anchorena 1288, C1227AAD AEC, Cdad. Autónoma de Buenos Aires",Recoleta,1125005155,,https://www.instagram.com/espacioluzpilates/#,1152,"4,9x64",,P&P,"Iluminado, amplio, con variedad de equipos.",,"una semana atrás. Nueva. Comencé a tomar clases con Lu hace tres meses y estoy encantada con las clases y con mi progreso. Es un lugar completamente diferente a los demás. Las clases son divertidas, desafiantes y diferentes cada semana. Lu como profe está atenta a que realicemos la técnica correctamente, nos corrige cuando es necesario y se encarga de que haya un avance en cada clase. Dato adicional: el lugar es súper lindo, luminoso, limpio y siempre huele rico.",-,,"lunes, 8 a. m.–9 p. m. martes, 8 a. m.–5 p. m. miércoles, 7 a. m.–4 p. m. jueves, 7 a. m.–5 p. m. viernes, 8 a. m.–8 p. m. sábado, 10 a. m.–1 p. m.",CH4V+6F Cdad. Autónoma de Buenos Aires,"Google maps, IG",10-11-25,,
Fusión Pilates Palermo,"Agüero 1200, C1425 Cdad. Autónoma de Buenos Aires",Palermo Es RECOLETA,111560579144,,https://www.instagram.com/fusionpilatespalermo/,1903,"5,0 x68",,P&P,"Básico, Pelotas de colores y equipos- reformer, cadillac , chair…",,"Fusión Pilates Palermo es realmente excepcional. Por primera vez, he encontrado alivio para mi dolor de ciática gracias a sus maravillosas clases. Cada sesión se personaliza para satisfacer tus necesidades individuales, asegurando que te sientas genial y alcances tus objetivos personales. Silvia y Eli son instructores sobresalientes, y me siento increíblemente afortunada de asistir a sus clases. Como principiante en Pilates, hicieron que la experiencia fuera fácil y agradable, y ahora no puedo imaginar mi vida sin ellas!",-,"Pilates para embarazadas, para adulto mayor, pilates personalizado, Electrodos, masajes.",De lunes a viernes de 8 a. m.–8 p. m.,"CH3R+P3 Buenos Aires, Cdad. Autónoma de Buenos Aires","Google maps, IG",31-07-25,,
RONA Pilates Reformer Recoleta,"Junín 1494, C1113 Cdad. Autónoma de Buenos Aires",Recoleta,1168616267,,https://www.instagram.com/pilatesrona.recoleta?igsh=Y3NhcHBkdHJ5eGEz,5370,"3,7x6",https://ronapilates.com.ar/,-,"Amplio, dos salas, espacioso, lámparas, luces.",,"2 semanas atrás. Nueva A pesar de ser inaugurando recientemente, las camillas son de mala calidad, se mueven, hacen ruido, los tensores se sueltan, las arreglan con cinta adhesiva. Las instructoras no trabajan de manera integral el cuerpo. Mariana, una de las instructoras, tiene mal modo de responder, no está atenta verificando si los ejercicios se hacen de manera correcta para no lastimarse. Agustina ni siquiera mira a los alumnos, no cuenta las series, propone ejercicios que muchos no pueden realizar, mira el celular, no corrige las posturas de los alumnos. La única que se interesa en cómo realizan los ejercicios, corrige y acompaña es Denise. Sumado a que bloquean turnos y cuando llegas, están las dos instructoras pero acumulan a las personas en una sala con una sola profesora.","Rona nació en 2022 con la visión de llevar el Pilates a otro nivel, combinando la esencia de la disciplina con una planificación estratégica que garantice resultados reales y medibles. Desde el inicio, nuestra propuesta innovadora nos permitió crecer rápidamente, estableciendo dos sedes en España: Valencia y Catarroja.El éxito de nuestro método, la comunidad que construimos y los resultados obtenidos nos llevaron a dar un paso más: expandir Rona a Argentina. Así nació nuestra sede en Buenos Aires, con la misma filosofía que nos distingue y un espacio diseñado para que más personas puedan entrenar con propósito y sentir el progreso en cada sesión.",,"Lunes a viernes de 8 a. m.–8 p. m. sábado, 12–4 p. m.","CJ53+JW Buenos Aires, Cdad. Autónoma de Buenos Aires","Google maps, IG",10-11-25,Tiene dos sedes en España y una en Buenos aires.,
Pilates Club,"Av. Sta. Fe 3138, C1425 Cdad. Autónoma de Buenos Aires",Recoleta,1141811763,,https://www.instagram.com/pilatessclub/profilecard/?igsh=ZTc3MGFpa25weHpr,2918,"4,8x17",,Fox,"Armonioso, moderno, iluminado.",,"Hace 4 meses. Las clases son muy dinámicas y completas la clase se me pasa volando! Las profes son muy buena onda y súper profesionales, están siempre cuidando de que hagamos los movimientos correctos para evitar lastimarnos. Excelente ejercicio y el ambiente es súper agradable!",.,,"Lunes a viernes de 8 a. m.–8 p. m. sábado, 8 a. m.–5 p. m.","CH6R+27 Buenos Aires, Cdad. Autónoma de Buenos Aires","Google maps, IG",11-11-25,,
Studio Secret to Live,"Paraguay 2041, C1121ABE Cdad. Autónoma de Buenos Aires",Recoleta,1149492412,,https://www.instagram.com/secrettolive/#,"22,2 mil","5,0x129",,-,"Equipado, amplio, colorido.",,"Hace un mes. Studio Secret to live es un espacio a cargo de Elizabeth Senatore, “la profe” sabes xq ? Su energía, profesionalismo y dedicación hacen que cada clase en Secret to Live sea una experiencia transformadora. Explica con claridad, corrige con atención y adapta los ejercicios según las necesidades de cada alumno o alumna. ¡Recomiendo sus clases individuales o grupales sin dudarlo!.podes chequear momentos de lo que describo en Instagram @secret to live y luego anda y viví tu propia experiencia.",-,"Pilates, Ref , Mat , Aereo Body Barre Clases Personalizadas Y Grupales . Acrobacia. Elongacion Ent Fcional. Embarazadas. Tercera edad Fit Ball","Lunes a viernes de 8 a. m.–9 p. m. sábado, 9 a. m.–1 p. m.","CJ23+H9 Buenos Aires, Cdad. Autónoma de Buenos Aires","Google maps, IG",11-11-25,,
Anima Estudio Pilates,"José A. Cabrera 3161, C1186AAG C1186AAG, Cdad. Autónoma de Buenos Aires",Recoleta o Palermo,1173647994,,https://www.instagram.com/animapilatesba/?hl=es-la#,3080,"5,0x21",https://www.animapilates.com.ar/,Studio Moderna Pilates,"Moderno, armonioso, tonalidades grises, espejos ovalados. Plantas.",,"Hace 4 meses: Excelente estudio!!! Espacioso, luminoso, instructora capacitada y dueña presente. Que más se puede pedir? Hermoso hacer pilates en un lugar como Anima!",-,"Pilates reformer, Full body workout","Lunes a viernes de 8 a. m.–1 p. m., 4–8 p. m. sábado, 9 a. m.–1 p. m.",CH3Q+7G Cdad. Autónoma de Buenos Aires,"Google maps, IG",11-11-25,,
Genkiro Studio Recoleta,"Av. Sta. Fe 2653, C1425 Cdad. Autónoma de Buenos Aires",Recoleta,91124077737,genkirostudio@gmail.com,https://www.instagram.com/genkirostudio/?hl=es#,1128,-,https://genkirostudio.com.ar/,Fitnees IM?,"Tonalidades naranja (pared), pelotas amarillas, armonioso.",,-,"En Genkiro Studio creemos que el cuerpo y la mente están profundamente conectados. Nuestro objetivo es brindarte un espacio seguro, inspirador y de apoyo donde puedas mejorar tu calidad de vida, superar tus límites y descubrir tu fuerza interior. Ofrecemos clases de Pilates Reformer, Yoga, Stretching y Entrenamiento Funcional en un entorno luminoso, armónico y cuidado al detalle, pensado para que reconectes con vos mismo y vivas la experiencia del movimiento consciente. Nuestros instructores te acompañan con atención personalizada y un enfoque amable, sin importar tu nivel de experiencia.",,Lunes a viernes de 8:00 a 21 en horarios específicos.,"CH4W+M9 Buenos Aires, Cdad. Autónoma de Buenos Aires","Google maps, IG",11-11-25,"Tiene otra sede en: Avenida de los Incas 4237, Villa Ortúzar",
Amazonia Pilates,"Vicente López 1673, C1018 Cdad. Autónoma de Buenos Aires",Recoleta,1170676821,,https://www.instagram.com/amazoniapilates/#,2478,"5,0x6",https://www.amazoniapilates.com/,-,"Armonioso, no tiene cama reformer, tiene torre adherida a la pared.",https://amazoniapilates.luweva.online/,"Editado Hace 6 meses Excelente! Buenisimas las clases!! Impresionante el cambio en mi cuerpo, adquirí mucha fuerza y logré mayor estiramiento. Me siento fuerte y con muchas ganas de seguir para seguir viendo resultados! Los felicito y siempre los recomiendo !",.,Yoga,Lunes a viernes de 8 a. m.–9 p. m.,"CJ56+74 Buenos Aires, Cdad. Autónoma de Buenos Aires","Google maps, IG",11-11-25,,
Nexo Pilates & Therapy Recoleta,"Sánchez de Bustamante 1749, C1425 Cdad. Autónoma de Buenos Aires",Recoleta y Palermo,1144223298,contacto@nexopilates.com.ar,https://www.instagram.com/nexopilates/?hl=es#,"34,2 mil",-,https://www.nexopilates.com.ar/,P&P,"Amplio, moderno, armonioso",,-,-,,"Lunes a viernes de 8 a. m.–9 p. m. sábado, 9 a. m.–1 p. m.","CH5R+M7 Buenos Aires, Cdad. Autónoma de Buenos Aires","Google maps, IG",11-11-25,"Ofrece: Nuestra Escuela de Capacitación Nexo Pilates & Therapy ofrece las Formaciones mas completas y actualizadas cada año. Cursos, Seminarios y Talleres",
Modo Pilates Barrio Norte,"Dr. Tomás Manuel de Anchorena 1260, C1425ELC C1425ELC, Cdad. Autónoma de Buenos Aires",Recoleta,-,,https://www.instagram.com/modopilates_barrionorte/#,610,-,,Armonía ¿,"Amplio, iluminado, tonalidades grises en pelotas, espejos ovalados.",,-,-,,Lunes a viernes de 10:00 a 20:00,CH4V+4C Cdad. Autónoma de Buenos Aires,"Google maps, IG",11-11-25,,
Pilates Más Actividad sucursal Recoleta,"Marcelo Torcuato de Alvear 1381, C1058AAV Cdad. Autónoma de Buenos Aires",Recoleta,1123474694,,https://www.instagram.com/pilatesmasactividad/?hl=es#,1901,"4,8x4",,Studio moderna,"Tonalidades grises, azules y rosas.",,"Hace 4 meses. El lugar es confortable, limpio, luminoso. Todo en las mejores condiciones. Y los profesores, excelentes, las clases son grupales pero se ocupan de cada alumno con indicaciones y correcciones personalizadas. Altamente recomendable.",-,,"Lunes a viernes de 8 a. m.–9 p. m. sábado, 9 a. m.–1 p. m.","CJ37+78 Buenos Aires, Cdad. Autónoma de Buenos Aires","Google maps, Ig",11-11-25,Sedes: Villa del parque y Recoleta.,
JaluPilates,"Laprida 1181, C1425 Cdad. Autónoma de Buenos Aires",Recoleta,111550622478,,https://www.instagram.com/jalupilates/#,332,"5,0x19",,-,"Básico, pilates mat?",,"Hace 6 meses. Si buscas atención personalizada, un buen ambiente y que cada clase sea un desafío, hacer pilates con jalu es tu lugar. Excelente profe y persona!! Clases como máximo 4/5 personas donde ella te va guiando y corrigiendo.",-,,Lunes a viernes de 12–10 p. m.,"CH3R+WR Buenos Aires, Cdad. Autónoma de Buenos Aires","Google maps, Ig",11-11-25,,
Maison Pilates & Wellness,"Laprida 1631, C1425 Cdad. Autónoma de Buenos Aires",Recoleta,1122875715,,https://www.instagram.com/maisonpilates.ar/#,9737,-,,-,"Moderno, iluminado, espejos ovalados, lámparas redondas, tonalidades pastel crema, gris.",,-,-,,"Lunes a viernes de 8 a. m.–9 p. m. sábado, 9 a. m.–1 p. m.","CH5W+HF Buenos Aires, Cdad. Autónoma de Buenos Aires","Google maps, Ig",11-11-25,Abrieron 3 noviembre de 2025,
Pilatisa tu vida,"Av. Alicia Moreau de Justo 2030 2° piso, C1107 Cdad. Autónoma de Buenos Aires",Puerto Madero,1138175969,,https://www.instagram.com/pilatisatuvida/?hl=es#,8560,"4,8x17",,-,"Reformer no tradicionales, de metal y color beige, otros clásicos. Espacio amplio e iluminado, con fotos de Pilates, equipado (spine corrector, mat Wall, chair, wunda chair)",,"Hace 2 meses: Empecé hace poco y me encantó. Tienen un plan de clases organizado, con objetivo claros, con profesionalismo, y están en cada detalle TODAS las profes se fijan en tus manos, codos, pies, hombros, y van siguiendo una unidad de ejercicios, y hasta van marcando objetivos. Por ejemplo, nos dicen “vamos a enfocarnos en los abdominales”. Nada de esto me paso en otros lugares, cada profe daba lo que quería y se fijaba en lo que le parecía. Además, TODAS tienen en cuenta las limitaciones de cada una, sin exigir ni “retar”. Esto increíblemente me paso en otros lugares. En Pilatisa todas las profes son divinas y están increíblemente bien instruidas. Y dan buen PILATES, no cualquier cosa! Sinceramente es para destacar el profesionalismo. Y bueno, el lugar está impecable y es lindo.",https://pilatisa.mitiendanube.com/ web,"Pilates circuito, reformer, pilates avanzado.",Lunes- viernes 8 a. m.–8 p. m.,"9JHM+2X Buenos Aires, Cdad. Autónoma de Buenos Aires","Google maps, web, Instagram",07-08-25,"Instructora formada en Auténtico Pilates, Brasil.",
Desirée Centro de Estetica y Pilates,"Encarnación Ezcurra 449, C1107 Cdad. Autónoma de Buenos Aires",Puerto Madero,1133853970,,https://www.instagram.com/desiree.puertomadero/?hl=es#,2168,"5,0x1",,P&P,"Clásico- Moderno, claro, iluminado.",,,-,"Estética, depilación",Lunes a viernes.,"9JMQ+GC Buenos Aires, Cdad. Autónoma de Buenos Aires",Google maps Instagram,07-08-25,,
Art Pilates,C1107 Cdad. Autónoma de Buenos Aires,Puerto Madero,1137735555,,https://www.instagram.com/artpilates_puertomadero/#,11 mil,"5,0x20",,Studio moderna pilates,"Moderno, iluminado.",,"Hace 4 meses: Es un lugar y ambiente hermoso, 100% producto de Belen, excelente profesora y profesional, pero además excelente persona con una energía única. Pilates desde un lado mucho más personalizado, cuidándote el cuerpo y mejorándolo constantemente!",-,"Reformer, Chair, Barrel, Cadillac",Lunes-viernes 8 a. m.–9 p. m. sábado y domingo 9 a. m.–5 p. m.,"9JMQ+P5 Buenos Aires, Cdad. Autónoma de Buenos Aires","Google maps, Instagram",07-08-25,Atención personalizada. Tiene una nota en Caras. Estuvo el Dibu Martínez. La instructora formada como bailarina.,
Madero Soul,"Azucena Maizani, Olga Cossettini 1174, C1107 Cdad. Autónoma de Buenos Aires",Puerto Madero,1133075866,,https://www.instagram.com/maderosoul/?hl=es#,175,"3,4x5",,-,Básico.,,"Para pilates hay que reservar cama pero la amplitud de turnos es fantástica. El personal es atento, aunque podría cuidar algunos aspectos.",-,"Entrenamiento Funcional,Reformer, Zumba,Yoga Stretching, GAP, Box","Lunes- viernes de 9 a. m.–9 p. m. sábado, 11 a. m.–5 p. m.","9JQP+HV Buenos Aires, Cdad. Autónoma de Buenos Aires",google maps Instagram,07-08-25,Es un espacio grande donde practicas diversos entrenamientos.,
Pilates Motus Tacuari,"Tacuarí 20, C1071 Cdad. Autónoma de Buenos Aires",San Nicolás,111531691561,motuspilates2023@gmail.com,https://www.instagram.com/motus_caba/#,830,"5,0x37",,Studio moderna pilates,"Amplio, iluminados, equipos variados y nuevos, reformer clásicos. Pelotas grises, plantas.",,"Hace 3 meses: Facilmente es el mejor lugar de pilates. Sin importar lo mucho o poco qué sepas, las profes son muy dedicadas, te guian y supervisan cada movimiento. El ambiente es tranquilo y muy chevere. Desde el primer momento te sientes. bienvenida! Siempre que puedo vuelvo con ánimo. Super recomendado…","Motus, significa movimiento.",,"Lunes a viernes, 8 a. m.–7:30 p. m. sábado, 9 a. m.–12 a. m.","9JRC+J9 Buenos Aires, Cdad. Autónoma de Buenos Aires","Google maps, Instagram",13-08-25,Tiene dos sucursales: Av de mayo 580 y Tacuari 20. La profe vinculada a la danza.,
SOMA PILATES,"Florida 165, C1005AAC Cdad. Autónoma de Buenos Aires",San Nicolás,911 3087 4614,,https://www.instagram.com/soma.pilates/?hl=es-la#,4682,"4,9x69",http://www.somapilates.com.ar/,P&P,"Reformer clásicos, paredes diseñadas con flores dibujadas, pelotas rojas.",Somapilates,"Hace 2 años: Extraordinario lugar, impecable, tranquilo, fácil acceso para solicitar y cambiar turnos. Trato amable, presios accesibles.","Soma Pilates fue creado en el año 2008 por Matías y Soledad, dueña de Bive Pilates",El estudio cuenta con un sector climatizado de 7 cambiadores y espacio de guardado.,De Lunes a viernes de 8:00 a 20:00.,"9JVG+G2 Buenos Aires, Cdad. Autónoma de Buenos Aires","Google maps, intagram, web",13-08-25,"Está en Galería Güemes, clases online y presenciales.",
Sankalpa Pilates y Yoga,"Maipú 484, C1007 Cdad. Autónoma de Buenos Aires",San Nicolás,1173637119,,https://www.instagram.com/sankalpapilatesyoga?igshid=1iwhl1cxnyga#,6607,"5,0x64",,Studio moderna pilates,"Tonalidades malvas, sillón, dibujo de pared, reformers clásicos, espacio pequeño y bien equipado.",siguefit.com,Hace 11 meses: Luz es todo lo que está bien. No es improvisada está altamente calificada con años de experiencia en rehabilitación y además de profe es kinesióloga entre otras cosas. No existe clase en que no dejes tus dolores ahí y te bajas con una sonrisa. Al toque del obelisco con precios accesibles.,-,"Pilates, Fit, Yoga Pilates Terapéutico",Lu a Vi 7.30 a 20.30 h,"9JWF+X7 Buenos Aires, Cdad. Autónoma de Buenos Aires","Instagram, googlemaps",13-08-25,Ofrece instructorado. La profe tiene formación en kinesiología.,
Be Balance StudioPilates Microcentro,"Tucumán 810, C1425 Cdad. Autónoma de Buenos Aires",San Nicolás,1124553798,,https://www.instagram.com/bebalancestudio/#,7947,"4,9x80",https://bebalancestudiopilates.com/,-,"Básico, reformer clásicos, pelotas azules.",,Hace 3 días:Excelente lugar para hacer pilates. Excelentes profesores. Cada uno con su estilo pero son lo máximo. Muy contenta de haber encontrado este lugar por recomendación de una amiga.,"En Be Balance Studio brindamos clases de pilates contemporáneo. A los ejercicios originales ""clásicos"", le damos una visión mas moderna y enérgica que permite un mayor.","Masajes, Electrodos","Lunes a viernes, 8 a. m.–8 p. m. sábado, 11:30 a. m.–12:30 p. m.","9JXC+FJ Buenos Aires, Cdad. Autónoma de Buenos Aires","Google mas, web, instagram",13-08-25,Tiene 4 sedes.,
KUMARA PILATES & FIT BARRE,"Viamonte 783, C1053 Cdad. Autónoma de Buenos Aires",San Nicolás,298315503540,,https://www.instagram.com/kumaraestudio,1790,"5,0x29",,-,Básico,,"Hace 10 meses: Estoy yendo a las clases de pilates con Martu y no puedo estar más contenta. Desde el primer día, su forma de enseñar es excelente. Explica cada ejercicio de manera clara y detallada, lo que hace que todo sea mucho más fácil de entender y de hacer.",Pilates Mat,FITBARRE Y DANCE,"Lunes 8–11 a. m., 6–7 p. m. miércoles, 8–11 a. m., 6–9 p. m. viernes, 8–11 a. m., 7–9 p. m.","CJ2C+2R Buenos Aires, Cdad. Autónoma de Buenos Aires","Google maps, intagram",13-08-25,No tiene reformers.,
KALON PILATES REFORMER,"Tucumán 983, C1049AAS Cdad. Autónoma de Buenos Aires",San Nicolás,1172401176,,https://www.instagram.com/kalon_pilatesreformer/#,119,"5,0x13",,-,"Reformers clásicos, pelotas grises, luces que varían de color.",,"una semana atrás: Me encanto!!! El lugar es hermoso, calido y super moderno. La iluminacion es increible igual que la musica. Los vestuarios impecable. La profesora Ana es muy clara con las explicaciones , te hace demostracion de todos los ejercicios. Es una genia total. El mejor lugar para hacer Pilates",-,,"Lunes y jueves, 4–7 p. m. martes y viernes, 8 a. m.–12 p. m. miércoles, 12–3 p. m. sábado, 9 a. m.–1 p. m.","9JX9+FM Buenos Aires, Cdad. Autónoma de Buenos Aires","Google maps, Instagram",13-08-25,,
CASA DE MOVIMIENTO Pilates Studio,"Libertad 400, C1012 Cdad. Autónoma de Buenos Aires",San Nicolás,1173608384,,https://www.instagram.com/casademovimientopilates/?hl=es#,3183,"5,0x59",,Studio moderna Pilates,"Básico. Pelotas malvas, reformer clásicos.",,"Hace 3 meses: Súper recomendable, todas las profes son un amor, y es un lugar donde realmente trabajas tu cuerpo !! Amo Casa de movimiento!",Te ayudo a potenciar tu rendimiento físico y mejorar tu calidad de vida.,,"Lunes a viernes, 7:45 a. m.–8:30 p. m. sábado, 10 a. m.–1 p. m.","9JW8+CH Buenos Aires, Cdad. Autónoma de Buenos Aires","Google maps, instagram",13-08-25,,
Espacio Raíz Pilates y Yoga,"Uruguay 667, C1015ABM Cdad. Autónoma de Buenos Aires",San Nicolás,1166476533,,https://www.instagram.com/espacioraiz.terapiasarmonicas/#,3342,"5,0x52",,-,"Básico, reformer rojo.",,"Hace un mes: Un espacio bello para entrenar tu cuerpo con pilates, despejar tu mente y arrancar el dia de la mejor manera. La profe meli es lo más! Recomiendo fuerte","Somos un centro de terapias, especializados en promover la salud y el bienestar a través de diferentes trabajos y métodos, con una mirada integral y holística.Acompañamos procesos personales, brindando herramientas que permiten que te conectes con la capacidad del autoamor y la sanación, despertando la potencialidad propia de cada ser, como un recurso innato, y no como algo externo.Nuestra filosofía se basa en nuestra firme convicción de que el ser humano posee infinitos recursos para encontrar su propio bienestar y el equilibrio, en cualquier momento, en cualquier lugar y en cualquier circunstancia. Nuestra tarea, es aportar herramientas para que permitas que esa luz, que se esconde en tu propio ser brille a través de tu forma.",Terapias,"Lunes a viernes, 8 a. m.–8 p. m.","9JX7+J9 Buenos Aires, Cdad. Autónoma de Buenos Aires","Google maps, inatagram",13-08-25,,
S Circuit Pilates Reformer,"Viamonte 1755, C1055 Cdad. Autónoma de Buenos Aires",San Nicolás,1160133800,,https://www.instagram.com/pilatescircuito.sd/#,1132,,,Del Rio,"Equipamiento variado, espacio amplio, iluminado.",,-,Método Circuito| Pilates | Full power,,"Lunes- viernes, 7 a. m.–8 p. m.Sábado, 10 a. m.–1 p. m.","9JX5+Q5 Buenos Aires, Cdad. Autónoma de Buenos Aires","Google maps, Instagram",13-08-25,Información muy variada y dispersa,
Teseo.Pilates Funcional,"Rodríguez Peña 336, C1020 ADH, Cdad. Autónoma de Buenos Aires",San Nicolás,1161165664,,https://www.instagram.com/teseostudio#,8164,"5,0x103",,Fox,Básico.,Siguefit.com,"Hace 5 meses: Me gustaron las clases y las profes. El lugar siempre ordenado y limpio. No me gustó que cuando informé que no continuaría el mes siguiente me echaron instantáneamente del grupo de notificaciones de WhatsApp, pese a que todavía faltaba una semana para finalizar el mes y justamente está para informar eventualidades sobre las clases y posibles cancelaciones.",-,"Pilates Reformer, Mat, TRX & Kettlebel","Lunes y viernes, 8 a. m.–12 p. m., 5–8 p. m. martes y jueves 8 a. m.–12 p. m., 3–9 p. m. viernes, 8 a. m.–12 p. m., 5–8 p. m. sábado, 9 a. m.–1 p. m.",9JV5+XH Cdad. Autónoma de Buenos Aires,"Google maps, instagram",13-08-25,,
Pilates postural y estiramiento VK,"Rodríguez Peña 382, C1037 Cdad. Autónoma de Buenos Aires",San Nicolás,1127198235,,https://instagram.com/pilates.postural.vk?igshid=YmMyMTA2M2Y=,1107,"4,8x33",,P&P,"Básico, colorido.",,"Hace 2 años: Nunca tenía antes practicado el Pilates, desde el primer día de clase el Prof. Agustín fue muy amable y respetable con los límites de mi cuerpo, de mis dolores y siempre con atención en nuestros movimientos. ¡Fue la mejor cosa que empecé a hacer, para mi salud, para mi cuerpo, para relajarme y hasta reír un poco!",-,,"Lunes - viernes, 8 a. m.–8 p. m. sábado, 10 a. m.–12 a. m.","9JW5+4J Buenos Aires, Cdad. Autónoma de Buenos Aires","Google maps, intagram",13-08-25,,
Releve Pilates,"Paraná 26 3M, C1017AAB Cdad. Autónoma de Buenos Aires",San Nicolás,1123264385,,https://www.instagram.com/relevepilates/?hl=es#,3811,"4,8x27",http://www.relevepilates.com.ar/,P&P,"Espacio pequeño, tonalidades en torno al azul.",,"3 semanas atrás. Nueva Por suerte encontre este lugar! Las clases son buenisimas, dinamicas super personalizadas y respetuosas segun los avances de cada alumno. Vicky y todas las profesoras son super profesionales, siempre atentas a los detalles posturales, muy pedagogicas y calidas. El espacio es muy lindo y muy completo en cuanto a equipamiento para entrenar. Lo recomiendo sin dudas!","Relevé se inició allá por el 2012 en un pequeño salón dentro de un departamento en el Barrio del Abasto. Nació como un emprendimiento dispuesto a generar un espacio de trabajo distinto, a conciencia, dentro de la vorágine cotidiana en la que vivimos. En el 2014 se trasladó a este hermoso edificio histórico en pleno centro de la ciudad, creando una comunidad de pilates donde cada alumno es invitado a una búsqueda corporal, un desafío diario para encontrar nuevos lugares, aplicarlos en su vida cotidiana y luego compartir con orgullo las buenas nuevas de sus descubrimientos.",,"Lunes a Viernes | 8.00 – 9.00 – 10.00 hs. Lunes, Miércoles y Viernes | 17.00 – 18.00 – 19.00 – 20.00 hs. Martes | 12.00 – 13.00 hs.Martes y Jueves | 16.00 – 17.00 – 18.00 – 19.00 hs. Sábados | 10.00 – 11.00 – 12.00 hs.","9JR6+GV Buenos Aires, Cdad. Autónoma de Buenos Aires","Google maps, IG",12-11-25,Hacen Retiro de Pilates,
Espiral Pilates,"Av. Rivadavia 1545, C1019 Cdad. Autónoma de Buenos Aires",San Nicolás,1123876723,,https://www.instagram.com/espiral_pilates?igsh=MXVyOHVyeDRiNjcwMg==&utm_source=qr,1552,"5,0x30",,Studio moderna Pilates,"Tonalidades verdes-turquesa. Amplio, equipado.",,"3 semanas atrásNueva. Hacia tiempo que en un lugar de actividad física todo se alineara para que cada clase yo fuera entusiasmada y sin excusas. Espiral Pilates es desde casi hace un año el lugar donde me siento feliz cómoda con mi cuerpo y los profesores que brindan clases muy profesionales y cuidadas para cada uno de los que vamos. Cada profe es muy comprometido en sus clases;tome clases con todos y doy fe de eso. Espero cada martes y jueves para ir. Gracias Maxi, Lore, Vicky,Sol,Lu, y Nati!!!!","En Teseo no venís a “moverte un rato”. Venís a entrenar en serio. A comprometerte con tu proceso. A salir del dolor crónico, a corregir tu postura, a hacerte fuerte desde adentro",,"Lunes a jueves de 8 a. m.–9 p. m. viernes, 8:30 a. m.–9 p. m. sábado, 10 a. m.–1 p. m.","9JR6+FG Buenos Aires, Cdad. Autónoma de Buenos Aires","Google maps, IG",12-11-25,Miembro de la Camara,
Teseo | Pilates Funcional,"Rodríguez Peña 336, C1020 ADH, Cdad. Autónoma de Buenos Aires",San Nicolás,1161165664,,http://www.instagram.com/teseostudio,8704,"5,0x118",,FOX,"Básico, colorido.",Siguefit.com,"Hace un mes: Teseo es alto lugar 💖 siempre me costó ser constante con la actividad física y con las clases en teseo me re enganché. Me gusta que nos presten atención a todes y que sean cuidadosos con la gente que lo requiere por distintos motivos. Las clases son siempre distintas, exigentes y divertidas y el ambiente también es re lindo. Ari es lo más y siempre se ocupa de que el estudio esté lindo, limpio y los reformers bien cuidados. Además tiene altas playlists",-,,"Lunes y miércoles 8 a. m.–12 p. m., 5–8 p. m. martes y viernes 8 a. m.–12 p. m., 5–9 p. m. jueves, 8 a. m.–12 p. m., 3–9 p. m.",9JV5+XH Cdad. Autónoma de Buenos Aires,"Google maps, IG",12-11-25,"Miembro de la Camara, mensajes medios pesado en IG…",
Arena Pilates,"Av. Corrientes 598 Local 18 primer piso, B1636 Olivos, Cdad. Autónoma de Buenos Aires",San Nicolás,1124504127,,-,,"5,0x2",,-,-,,3 semanas atrásNueva Un lugar re lindo para hacer ejercici! Vicly es lo mas exige a cada cual lo suyo!!! Super recomiendo,,,"Lunes- viernes 8:30 a. m.–9:30 p. m. sábado, 12:30 a. m.–1:30 p. m.",9JWF+JX Cdad. Autónoma de Buenos Aires,"Google maps, IG",12-11-25,EL ig que encuentro dice que está en Olivos.,
Ayla Studio Pilates,"Paraná 982, C1017 Cdad. Autónoma de Buenos Aires",San Nicolás,1139306348,,https://www.instagram.com/ayla.studio.pilates/#,688,"4,0x23",,-,Básico,Fitfit,"Hace 2 meses excelente experiencia, notable dedicación personal de la profesora, grupo de gente cálido, y como corolario muy feliz: desaparecieron las brutales contracturas en mi espalda, siento que respiro mucho mejor y mi postura ha cambiado! muchas gracias a Sol, a Nadia, excelentes profesionales. Susana De Mola",-,,"Lunes a viernes de 8 a. m.–3 p. m., 4–9 p. m.","CJ36+2M Buenos Aires, Cdad. Autónoma de Buenos Aires","Google maps, IG",12-11-25,,
Plena Pilates,"Paraguay 643, C1057 Cdad. Autónoma de Buenos Aires",Retiro,1157575831,cámara ,https://www.instagram.com/estudioplena/?hl=es-la#,1578,"4,7x15",,P&P,"Equipado, luminoso, paleta de colores en torno al malva, pared y pelotas.",,"3 semanas atrás: Voy desde hace mucho tiempo y es un muy buen lugar para hacer pilates. Tienen varios equipos para usar y las profesoras adaptan las clases al nivel de cada alumno, nunca te aburrís. Hace 2 meses: Conozco a Moni y Plena Pilates hace 10 años. Moni, Ceci y las profes del estudio son lo más. En momentos en los que no pude ir a Plena( por cercanía) probé otros lugares y, realmente, ninguno estaba a la altura. Las clases son totalmente personalizadas y centradas en aquello que quieras mejorar o trabajar. Me ha pasado de llegar contracturada e irme bien. Los valores son más que accesibles y hay todo tipo de aparatos","Soy Moni!, por siempre bailarina. Mami de Juani.Dirijo un estudio del Método Pilates. Usamos la linea completa de equipos que Joseph Pilates creó",,"Lunes a viernes, 8 a. m.–9 p. m. sábado, 9 a. m.–12 p. m.","CJ3F+2H Buenos Aires, Cdad. Autónoma de Buenos Aires","Instagra, google maps",14-08-25,La instructora tiene formación como bailarina.,
VIC Pilates Arg,"Paraguay 754, C1057AAJ Cdad. Autónoma de Buenos Aires",Retiro,1139346046,cámara,https://www.instagram.com/vicpilates.arg/,611,"5,0x22",,-,"Equipado, iluminado, reformer sin marca identificada, pelotas grises, luces, espejos.",,"Hace 7 meses: Súper recomendable... He ido a muchos lugares de Pilates y encontrar una profe como Vicky es lo mejor que te puede pasar, una profesional con todas las letras, tan atenta a tus necesidades, asistiéndote desde el primer momento, lo veo en cada persona que ingresa al local. Las camas impecables y totalmente nuevas. El lugar, el ambiente super cálido. Vicky... te busqué, te encontré, te elijo y no te suelto... Gracias!",-,,"Lunes a viernes, 8 a. m.–8 p. m.","CJ2C+WX Buenos Aires, Cdad. Autónoma de Buenos Aires","Google maps, Instagram",14-08-25,Seguidora de Auténtico pilates.,
MDC pilates,"Av. Sta. Fe 882, B1011 Cdad. Autónoma de Buenos Aires",Retiro,1166884514,,https://www.instagram.com/mdc.pilates/#,438,"5,0x38",,-,Básico,,"Hace un año: Un lugar cálido, profesional, la mejor profe. Carmen nos cuida y nos acompaña en los procesos. Mi experiencia es post cirugia de columna y estoy FELIZ. Mejoro mi movilidad, tonicidad muscular, tengo más fuerza y me siento super bien. Trato personalizado.","En Mdc Pilates, creemos en fortalecer tanto el cuerpo como la mente. Nuestro enfoque no solo se centra en mejorar la forma física, sino también en cultivar una presencia poderosa a través de la flexibilidad y la autenticidad. Súmate a nosotros para descubrir cómo una mente menos rígida puede potenciar tu presencia en cada aspecto de tu vida","REFORMER, MAT, YOGA, ESFERODINAMIA","Lunes a viernes, 8 a. m.–8 p. m.","CJ3C+V5 Buenos Aires, Cdad. Autónoma de Buenos Aires","Google maps, Instagram",14-08-25,,
BODY LIFE PILATES,"Marcelo Torcuato de Alvear 1227, 1085 Autónoma de Buenos Aires, Cdad.",Retiro,1124773387,,https://www.instagram.com/bodylifepilates.recoleta/#,1121,"5,0x2",https://bodylifepilates.com.ar/,-,"Tonalidades en torno al verde, pintura de hojas en pared,pelotas grises y verdes. Reformer sin marca identificada.",,"Hace 1 día: Hermoso lugar!! Amo al profe Sergio, es lo más, haces pilates como en casi ningún lugar, fui a varios y como él ninguno!! Empecé hace 3 meses y junto con la dieta y sus ejercicios me cambió el cuerpo a full… te ayuda con todo y te da una clase súper intensa que es lo que me sirve, sin hablar de la entrada en calor y el estiramiento que son lo más!! Si tu meta es bajar de peso y hacer algo para zafar del gym y encima pasarla genial, te lo recomiendo.",.,,"Lunes a viernes, 8 a. m.–9 p. m. sábado, 9 a. m.–1 p. m.",CJ38+74 Cdad. Autónoma de Buenos Aires,"Google maps, intagram, web",14-08-25,"Tienen dos sedes, retiro y caballito.",
Pilates Más Actividad sucursal Recoleta,"Marcelo Torcuato de Alvear 1381, C1058AAV Cdad. Autónoma de Buenos Aires",Retiro,1123474694,,-,,4.8x46,,Moderna Studio,Básico.,,"Hace 2 meses: El lugar es confortable, limpio, luminoso. Todo en las mejores condiciones. Y los profesores, excelentes, las clases son grupales pero se ocupan de cada alumno con indicaciones y correcciones personalizadas. Altamente recomendable.",-,,"Lunes a viernes, 8 a. m.–9 p. m.sábado, 9 a. m.–1 p. m.","CJ37+78 Buenos Aires, Cdad. Autónoma de Buenos Aires","Google maps , Instagram",14-08-25,Están en Villa del Parque y en Retiro limite con recoleta,
"aires up! Fitness y Pilates, Sede Barrio Norte","Talcahuano 1123, C1120AAG Cdad. Autónoma de Buenos Aires",Retiro,111541847152,,https://www.instagram.com/airesupgym/?hl=es#,4866,"3,9x103",http://www.airesup.com.ar/,-,Dentro de gimnasio.,,Hace una semana: Nueva:Unos de los gimnasios más caros y menos completos de la zona. Vale la pena? No. Hace 5 meses: El personal es siempre muy amable y el estado del gimnasio es impecable.,-,,"Lunes a viernes, 7 a. m.–10 p. m.","CJ37+RP Buenos Aires, Cdad. Autónoma de Buenos Aires","Google map, web, instagram",,"Tiene 3 sedes: Recoleta, Retiro y San isidro. Es parte de un gimnasio.",
Aura Pilates,"Talcahuano 1186, C1013AAX C1013AAX, Cdad. Autónoma de Buenos Aires",Retiro,1131116662,,https://www.instagram.com/aura.pilates.talcahuano?igsh=MWY0ODB1ZzNmcnV6ZA==,833,"4,8x35",,p. equipe ¿,Básico,,"Hace 3 meses: ¡Este lugar de pilates es una joyita! Desde que empecé, mi cuerpo lo está agradeciendo un montón. Las clases son súper amenas, los profes explican todo con paciencia y te corrigen con buena onda (sin hacerte sentir mal, que eso se valora). El ambiente es tranqui, cero pretencioso, y se siente re cómodo para ir tanto si estás empezando como si ya tenés experiencia. Además, el espacio está impecable y siempre huele rico, que no parece importante pero suma un montón.",-,,"Lunes a viernes, 8 a. m.–9 p. m.",CJ47+3J Cdad. Autónoma de Buenos Aires,"Google maps, Instagram",14-08-25,,
Ayla Studio Pilates,"Paraná 982, C1017 Cdad. Autónoma de Buenos Aires",Retiro,1139306348,,https://www.instagram.com/ayla.studio.recoleta/?hl=es#,530,"4,0x20",,-,,,"Hace 9 meses: Desde hace más de 7 años, voy 3 veces por semana a pilates a las clases de Vicky y de Nadu, que son 2 genias!! Gracias por la onda que tienen siempre. Hace un año: Las clases están bien, el precio tambien. Pero la atención de la dueña que responde el whatsapp es tan mala, es tan maleducada. Tuve varios problemas con el app y no me ayudo a resolverlos, ósea que perdí plata.Para intentar sacar clases es imposible, nunca responde y cuelga mensajes por que considera que “no tenia nada para decir”. Ahora si, para renovar el bono cada mes te manda un mensaje al segundo. No vale la pena.",-,,"Lunes a viernes, 8 a. m.–3 p. m., 4–9 p. m.","CJ36+2M Buenos Aires, Cdad. Autónoma de Buenos Aires","Google maps, Instagram",14-08-25,"Redes inactivas, no hay fotos del estudio.",
Mas Cerca Pilates,"Bolívar 1100, C1066 Cdad. Autónoma de Buenos Aires",San Telmo,1133102416,,https://www.instagram.com/mascercapilates/#,2236,"4,9x34",,Studio moderna,Básico.,,,Único estudio de pilates en San Telmo con clases en circuito. Centro capacitador,,"Lunes- viernes, 8 a. m.–9 p. m. sábado, 9 a. m.–12 p. m.","9JHG+QW Buenos Aires, Cdad. Autónoma de Buenos Aires","Google maps, Instagram, canal de youtube",,"Tiene canal de youtube, ofrece capacitaciones,",
Bayres Pilates Studio,"Chacabuco 1034, C1069 Cdad. Autónoma de Buenos Aires",San Telmo,1150167487,,https://www.instagram.com/bayrespilatesstudio#,580,"4,5x21",,-,básico,,El lugar es agradable pero algunos profesores son muy bajoneros y te sacan las ganas de ir.,-,,"Lunes- viernes, 8 a. m.–8 p. m.","9JHF+XP Buenos Aires, Cdad. Autónoma de Buenos Aires","Google maps, Instagram",15-08-25,,
Prisma Pilates,"Humberto 1º 985, C1103ACS Cdad. Autónoma de Buenos Aires",San Telmo,111524039690,,https://www.instagram.com/estudioprismapilates/?hl=es-la#,2788,"5,0x80",https://linktr.ee/Prisma.pilates,-,Básico.,siguefit,"Hace un año: Recomiendo 100% tomar clases de pilates en Prisma. Las profes son lo más, tienen una paciencia, una energía hermosa y están atentas a todos los movimientos que uno haga. Lu y Mica las adoro! Salgo completamente renovada de cada clase. Además de que tiene unas vistas muy lindas.",-,,"Lunes- viernes, 8 a. m.–9 p. m. sábado, 10 a. m.–12 p. m.","9JHC+M3 Buenos Aires, Cdad. Autónoma de Buenos Aires","Google maps, Instagram",15-08-25,La profe es kinesióloga,
Pilateá con Mar,"Chacabuco 852, C1069 Cdad. Autónoma de Buenos Aires",San Telmo,1161956487,,https://www.instagram.com/pilates.con.mar/#,1026,,,-,"Básico. Equipado. Colorido, pelotas rojas, antideslizantes malvas,",,,-,,"Lunes- viernes, 9 a. m.–8 p. m.","9JJF+RM Buenos Aires, Cdad. Autónoma de Buenos Aires",Google maps instagram,15-08-25,,
El Loft San Telmo - Pilates y Estética,"Perú 715, C1068AAE Cdad. Autónoma de Buenos Aires",San Telmo,1143008021,,https://www.instagram.com/el_loft_pilates/?hl=es-la#,599,"4,8x20",,Studio moderna,,,Editado Hace un año: Pague el mes completo fui apenas 4 veces y Sonia me cambio el horario. No tiene un estudio solo dan las en su departamento y hay días que esta muy de mal humor.,-,,"Lunes- viernes, 8 a. m.–9 p. m.","9JMG+F5 Buenos Aires, Cdad. Autónoma de Buenos Aires","Google maps, Instagram",15-08-25,Poca info en las redes.,
San Telmo PILATES,"Chile 537, C1098AAK Cdad. Autónoma de Buenos Aires",San Telmo,1140457080,,https://www.instagram.com/santelmo.pilates/#,999,"4,x26",https://www.santelmopilates.com.ar/,Studio Moderna,Colorido.,,"una semana atrás: El mejor lugar de pilates al que fui. Son sobre todo profesionales. Te enseñan y te cuidan. Adaptan los ejercicios a las distintas necesidades de cada persona o patología. El ambiente esta bien adaptado a la práctica, es cómodo y cálido","San Telmo Pilates es un espacio que cuenta con un equipo de Auxiliares de Salud y Profesores formados en la Técnica Pilates, que aseguran y persiguen una práctica segura, placentera y beneficiosa para cada alumnx.",Masajes,Lunes- viernes 7:00 - 22 Hrs. Sábados: 10 -13 H.,"9JMG+JF Buenos Aires, Cdad. Autónoma de Buenos Aires","Google maps, instagram",15-08-25,,
Etéreo Pilates,"Venezuela 110 12 i, C1095AAD Cdad. Autónoma de Buenos Aires",San Telmo,1169394291,,https://www.instagram.com/etereopilates/#,673,"4,9x73",,-,Básico,,Hace un mes. Una genia la profe !!!!!! Las clases excelentes y el lugar hermoso con tremenda vista!!!,-,,Lunes a vienes 8 a. m.–8 p. m.,"9JPJ+GQ Buenos Aires, Cdad. Autónoma de Buenos Aires","Google maps, IG",14-11-25,,
Desde Laura,"Irala 301, C1161ADB Cdad. Autónoma de Buenos Aires",Boca,1144273292,,https://www.instagram.com/desdelaurapilates/#,278,"4,6x7",,P.equipo ¿?,Básico.,,"Hace 7 meses: Me sentí destratada por Laura, la profesora, al desplazarme de mi horario, argumentando que volvía una alumna antigua de sus vacaciones y retomaba su horario habitual. Creo que debía avisarme la posibilidad de tal movimiento al asignarme el espacio. No volví ya que los turnos ofrecidos no eran adecuados para mí. Seguí esperando que me contactara para reiniciar pero me sacó del grupo, supongo que esa fue su última palabra. Una pena",-,Yoga,"Lunes- viernes, 8 a. m.–1 p. m., 3–9 p. m.","9J9J+8P Buenos Aires, Cdad. Autónoma de Buenos Aires","Google maps, Instagram",18-08-25,,
SF Pilates La Boca,"Aristóbulo del Valle 547, C1158 Cdad. Autónoma de Buenos Aires",Boca,1144352667,,https://www.instagram.com/sf.espaciopilates/#,207,,,P&P,Básico. Colorido.,,,-,"Reformer, mat y stretching","Lunes a viernes, 8 a. m.–8 p. m.","9J8P+GX Buenos Aires, Cdad. Autónoma de Buenos Aires",Google maps Instagram,18-08-25,,
Tan Tiem Pilates,"Ituzaingó 701, C1272 Cdad. Autónoma de Buenos Aires",Barracas,1141577857,,https://www.instagram.com/tantiem.pilates/?hl=es#,2998,"4,7x32",,-,básico,,"Hace 8 meses: Es un placer tomar clases en Tan tiem! Todas las profe, cada una con su estilo, son excelentes. El nuevo local es cómodo, fresco y luminoso. Pilates es salud y bienestar.",-,,"Lunes, miércoles y viernes, 9 a. m.–9 p. m. martes y jueves 8 a. m.–9 p. m.","9J9G+R5 Buenos Aires, Cdad. Autónoma de Buenos Aires","Google maps, Instagram",18-08-25,,
Pilates Studio - Sede Barracas,"C. Gaspar M. de Jovellanos 294, C1268 ADN, Cdad. Autónoma de Buenos Aires",Barracas,1160043114,,https://www.instagram.com/pilatesbarracas/?hl=es#,1911,"4,9x12",,P&P,Básico,,,"Nos dedicamos desde hace 11 años en el Barrio de Barracas a brindar clases de Pilates, método Reformer. Contamos con excelente equipamiento y ambiente",,"Lunes- viernes, 8 a. m.–9 p. m.",9J8G+CP Cdad. Autónoma de Buenos Aires,"Google maps, Instagram",18-08-25,,
Ayres de Barracas Pilates,"Isabel la Católica 362, C1268 ACH, Cdad. Autónoma de Buenos Aires",Barracas,1158331810,,https://www.instagram.com/ayresdebarracas?igsh=OHBqNTlyajFnMmsw,2109,"4,8x34",,FOX,"Pelotas azules, reformer clásicos.",,"Hace un año: Impecable atención, gente muy calida y dedicada. Empecé a ir con problemas varios de columna y elongación y el cambio y mejoras que consegui en Ayres de barracas pilates es notable. Las recomiendo.","Ayres nace a principios del 2009, como una tímida idea, de hacer algo juntas, donde pudiéramos sentirnos cómodas y felices.Ambas estábamos trabajando muchas horas en algo que no nos gustaba y queríamos darle un volantazo a la rutina, haciendo algo que nos de placer, que esté en nuestro barrio, donde nacimos, nos criamos, fuimos juntas al cole y nos hicimos amigas. Era toda una apuesta largar un trabajo fijo, pero creímos que el momento era el indicado. Buscamos un montón el lugar, y lo encontramos, pero había que hacerle mucho... muuuucho! Pasamos horas y días ahí, armando todo a pulmón. Por suerte tuvimos ayuda de la familia y de amigos, hasta que el 31 de Agosto estuvo todo listo y abrimos las puertas. Arrancamos con Pilates que siempre fue la idea inicial y para lo que nos habíamos formado, pero teniendo un espacio tan lindo de a poco fueron surgiendo nuevas propuestas. Dividimos el salón, agregamos yoga (actividad que todavía tenemos) después danzas, que mantuvimos por cinco años, damos distintos talleres, y hace tres años también damos clases de zumba. Ayres de Barracas es nuestra casa, donde nacieron tres, de los cuatro hijos que sumamos entre las dos, por dónde pasaron miles de alumnos, dónde vinieron muchas panzas y bebés que nosotros decimos que también nacieron un poco con nosotras, dónde seguimos trabajando muchas horas, igual que en nuestros trabajos anteriores, pero dicen que cuando tu trabajo es placer no es trabajo, y así lo sentimos nosotras. Así que GRACIAS, miles de gracias a todos los que nos apoyaron, confiaron y siguen confiando, porque éste proyecto fue gestado con mucho amor, mucha dedicación y responsabilidad, y seguimos intentando día a día dar lo mejor por y para ustedes. Hoy tenemos la felicidad de decir que ésa idea, ese proyecto, cumple 10 años que no es poca cosa y el pecho se nos infla de orgullo por eso.",,"Lunes a viernes, 8 a. m.–9 p. m. sábado, 9 a. m.–1 p. m.",9J7G+PF Cdad. Autónoma de Buenos Aires,"Google maps, Instagram",18-08-25,,
CEP - Centro de estetica & pilates - Barracas,"Av. Suárez 1649, C1288 AEI, Cdad. Autónoma de Buenos Aires",Barracas,1123379377,,https://www.instagram.com/cep_barracas/?hl=es-la#,7833,"4,4x74",,-,"Básico, dentro de un centro de Estética.",https://cep.site.agendapro.com/ar/sucursal/19958,una semana atrás: NuevaMe encanta este lugar soy fan de pilates Gracias a todos/as por su atención Las profes divinas. Gracias a ellas también. Un clima muy agradable.,"En CEP Barracas, combinamos la Estética y el Pilates para ofrecerte una experiencia integral de cuidado personal. Nuestro objetivo es que te sientas bien tanto por fuera como por dentro.",,"Lunes- viernes, 8 a. m.–9 p. m. sábado, 9 a. m.–6 p. m.",9J6G+JF Cdad. Autónoma de Buenos Aires,"Google maps, Instagram",18-08-25,Es dentro de un centro de Estética.,
Cuerpo en alba Pilates,"Magallanes 1676, C1288 Cdad. Autónoma de Buenos Aires",Barracas,1157248555,,https://www.instagram.com/cuerpoenalbapilates/#,848,"3,7x3",,Del Rio Pilates,Colores naranjas y beige. Reformes madera y blanco. Espacio iluminado.,,"Hace 2 meses. No saben agendar turnos sin hacerse lio, se marean por responder 2 consultas al mismo tiempo. Reorganizaron mi agenda mil veces y cuando acepte un horario lo volvieron a ocupar un dia antes de empezar. No se como seran las clases, hace meses que vengo haciendo consultas que no responden.","CUERPO EN ALBA es un proyecto de difusión y transmisión de la Salud por el Movimiento. Brinda las condiciones necesarias para que las personas reconecten con su propio cuerpo desde la Actividad física. PILATES es el método elegido por ser el predilecto en el cuidado y preservación de la salud, adaptándose a cada condición particular. La búsqueda es la de INTEGRAR nuestro cuerpo y pensamiento a través de la toma de conciencia y sensibilidad de las partes y más que la suma de las partes del propio cuerpo, del movimiento y de la mecánica.",Pilates embarazadas. Venta de medias.,"Lunes 8 a. m.–12 p. m, martes, 11 a. m.–2 p. m., 5–9 p. m. miércoles, 8 a. m.–9 p. m. jueves, 5–9 p. m. viernes, 8 a. m.–12 p. m., 5–9 p. m..","9J5G+8G Buenos Aires, Cdad. Autónoma de Buenos Aires","Google maps, Instagram",18-08-25,,
Crezia Pilates & Yoga,"Av. Amancio Alcorta 1867, C1283 Cdad. Autónoma de Buenos Aires",Barracas,1160591139,,https://www.instagram.com/creziaestudio?igshid=YmMyMTA2M2Y%3D#,1356,"4,8x29",,Studio moderna,Básico,,"Hace un mes: Empecé hoy, hermoso espacio y excelente la energía y explicación de la profe en cada ejercicio!",-,"Reflexología, estética.","Lunes - viernes, 8 a. m.–8 p. m.","9J66+HR Buenos Aires, Cdad. Autónoma de Buenos Aires","Google maps, Instagram",18-08-25,,
María Rego Pilates,"Av. Chiclana 3801, C1437 Cdad. Autónoma de Buenos Aires",Boedo,,,https://www.instagram.com/mariaaregopilates?igsh=OWVvOGsyN3NpcWcz#,725,"5,0x1",,Studio moderna,Básico,,,,,,"9H6M+P2 Buenos Aires, Cdad. Autónoma de Buenos Aires","Google maps, Instagram",,,
MR Pilates Reformer @mrpilatesreformer,"Av. La Plata 1711, C1250 Cdad. Autónoma de Buenos Aires",Boedo,111537028359,,https://www.instagram.com/mrpilatesreformer/reels/#,871,"5,0x62",,-,"Básico, paleta de colores verdes.",,"Hace 11 meses: Empecé hace poco, pero estoy super contenta con la clases y con la propuesta de pilates. La profe pone mucha atención a cada persona y coordina la clase con alegría y buena onda. Muy energizante y siento que trabajo mucho el tono muscular y la fuerza. La otra vez que llegué un poco malhumorada y antes de irme le dije ¡me cambiaste el día Roberta!",-,,Lunes- sábado de 9 a. m.–9 p. m.,"9H7F+WX Buenos Aires, Cdad. Autónoma de Buenos Aires","Google maps, Instagram",25-08-25,Incluye trabajo con pesas,
Piuké Pilates Boedo,"Av. Boedo 1780, C1239AAU Cdad. Autónoma de Buenos Aires",Boedo,111532831825,tiene sede en paque patricios,https://www.instagram.com/piuke_pilatesyestetica/?hl=es-la#,2716,"4,8x132",,-,Básico.,,"Hace 3 meses: Las mejores clases de pilates!! Toda la onda y los espacios, tanto Boedo como parque Patricios, están súper bien equipados. Voy por gympass y vengo haciendo clases varias veces por semana sin inconvenientes. Las profes son excelentes, las clases dinámicas y cuidadas. Hace 4 meses: Dicen estar adheridas a Gympass, cuando queres reservar con 24hs de antelación nunca tienen un lugar. Todas las reservas son para los que pagan abono (dicho por ellas mismas). Si no les es redituable y les parece que somos clientes de segunda, dense de baja del mismo.",-,"Estética facial, corporal, manicuría.",Lunes- viernes de 9:00 am a 21:00,"9H8M+2H Buenos Aires, Cdad. Autónoma de Buenos Aires","Google maps, Instagram",25-08-25,Responden los comentario de google maps.,
Vida Pilates,"Av. Juan de Garay 3960, C1257ACI Cdad. Autónoma de Buenos Aires",Boedo,1161760520,Quilmes?,https://www.instagram.com/vida_pilates_reformers/#,1222,"5,0x57",,P&P,"Paleta de colores: naranja, amarillo. Pelotas grises. Mat azul.",,Hace 6 meses: Si hubiera mas estrellas las pongo. Que decir? Roxi y Vero 2 genias super profesionales y amorosas. Encontre mi lugar para ejercitarme donde encontre muchisima calidez.,-,,"Lunes, miércoles y viernes: 8 a. m.–12:30 p. m., 5–9:30 p. m. martes y jueves 8–11:30 a. m. sábado, 9–11:30 a. m.","9H9J+62 Buenos Aires, Cdad. Autónoma de Buenos Aires","Google maps, instagram",25-08-25,,
Full Pilates Castro,"Castro 1224, C1406 Cdad. Autónoma de Buenos Aires",Boedo,1122772276,,https://www.instagram.com/fullpilatesok/,748,"5,0x10",,-,"Tonalidades en torno al azul, mat y pelotas.",,"Hace 5 meses: El espacio está muy bueno, las camas están bien y los profes y todo el personal tienen muy buena onda!",-,,"Lunes a viernes: 9 a. m.–1 p. m., 5–9 p. m. sábado, 10 a. m.–2 p. m.","9HCJ+W3 Buenos Aires, Cdad. Autónoma de Buenos Aires","Google maps, instagram",25-08-25,,
Full Pilates Muñiz,"Muñiz 1249, C1255 Cdad. Autónoma de Buenos Aires",Boedo,111522772276,,https://www.instagram.com/fullpilatesok/,784,"5,0x12",,,,,,,,"Lunes a jueves de 8 a. m.–2 p. m., 5–9 p. m. viernes, 8 a. m.–1 p. m., 5–9 p. m, sábado, 10 a. m.–2 p. m.","9HCF+GW Buenos Aires, Cdad. Autónoma de Buenos Aires",,,Es otra sede de la que está en Castro1224.  A cuatro cuadas una sede de la otra.,
Alfa Pilates,"Av. San Juan 4165, C1233ABL Cdad. Autónoma de Buenos Aires",Boedo,111532992249,,https://www.instagram.com/pilatesalfa/#,624,"4,5x30",,-,basico,,"Hace 4 meses: Excelente las profesoras como explican y el acompañamiento que te brindan, te explican cada ejercicio muy buena onda , son una genias!!excelentes profesionales y me encanta el lugar muy agradable. Editado Hace 4 meses: Las camas hacen un ruido espantoso: estan en terrible estado. Sumado a que toda la hora la profesora se dedicó a hablar de sus malas vacaciones en la costa, fue imposible concentrarse.",-,,"Lunes-Viernes 8 a. m.–9 p. m.sábado, 10 a. m.–1 p. m.","9HFG+FG Buenos Aires, Cdad. Autónoma de Buenos Aires","Google maps, Instagram",25-08-25,,
Cuerpo Saludable Pilates,"Av. San Juan 3226, C1233 Cdad. Autónoma de Buenos Aires",Boedo,,,https://www.instagram.com/pilatescuerposaludable/#,116,"4,9x2",,FOX,Básico,,"Hace 3 meses: Sin dudas el mejor estudio y las mejores clases de pilates que he tomado hasta el momento. Es 1 hora de clase con dedicación total a los alunmos, siempre orientando la mejor forma de realizar los ejercicios y haciendo las correcciones necesarias. También adapta los ejercicios de acuerdo a las limitaciones individuales. Nos enseña y nos exige la correcta respiración durante la ejecución de los ejercicios.",-,,"Lunes- viernes de 9–11 a. m., 5–9 p. m.","9HGQ+2M Buenos Aires, Cdad. Autónoma de Buenos Aires","Google maps, instagram",25-08-25,,
Josefa PilatesEstudio,"Av. San Juan 3619, C1233ABG C1233ABG, Cdad. Autónoma de Buenos Aires",Boedo,1162387610,,https://www.instagram.com/josefa.pilatesestudio/?hl=es#,1138,"5,0x4",,Studio Moderna pilates.,"Tonalidades doradas, beige, gris, iluminado. Moderno.",,"Hace 10 meses: La profe Andre es una crack total! Las clases se pasan volando gracias a la buena onda que se genera. Lo mejor es que, además de disfrutar, realmente trabajás los músculos. El lugar está impecable y moderno. ¡Recomiendo mil!",Somos un Estudio de Pilates contemporáneo dedicando nuestros días a que todos nuestros alumnos se mantengan activos y decidan cada día entrenar.,,"Lunes, miércoles y viernes de 8 a. m.–12 p. m., 5–8 p. m. martes y jueves de 9 a. m.–12 p. m., 3–8 p. m.",9HFM+VC Cdad. Autónoma de Buenos Aires,"Google maps, Instagram",25-08-25,,
Centro Pilates Time,"Sánchez de Loria 1217, C1220ADM Cdad. Autónoma de Buenos Aires",Boedo,1154169560,,https://www.instagram.com/centropilatestime/?hl=es-la#,1029,"4,3x12",,-,Básico.,,No hay comentarios recientes.,-,"Entrenamiento funcional, masajes, depilación.","lunes, miércoles y viernes de 3:30–8:30 p. m. martes y jueves de 8 a. m.–12 p. m.","9HGQ+83 Buenos Aires, Cdad. Autónoma de Buenos Aires","Google maps, Instagram,",25-08-25,,
Vita Pilates Studio,"Carlos Calvo 3570, C1220 Cdad. Autónoma de Buenos Aires",Boedo,111536444070,,https://www.instagram.com/vitapilatestudio?igsh=b25obXI2amh4Z29p&utm_source=qr,,"5,0x22",,Studio moderna pilates,"Moderno, iluminado, espacioso.",,"2 semanas atrás Nueva: El lugar es hermoso, los precios son accesibles, las clases te hacen trabajar todo, y la gente que trabaja ahí te atienden muy bien desde el inicio. Me lleve una linda sorpresa con este lugar, nunca había hecho pilates y ahora no lo quiero dejar. Lo recomiendo.",-,,"Lunes de viernes de 8 a. m.–9 p. m. sábado, 9 a. m.–12 p. m.","9HGM+CP Buenos Aires, Cdad. Autónoma de Buenos Aires","Google maps, instagram",25-08-25,,
Sol Salud,"Carlos Calvo 4237, C1230 Cdad. Autónoma de Buenos Aires",Boedo,1149250995,,https://www.instagram.com/solsaludpilates/#,167,"4,6x22",,P&P,"Colorido, básico.",,"Hace 3 meses: Excelentes las clases de Pilates reformer con la profe Laura. Una genia. Hace 4 meses me operé de hernia de disco, y algunos ejercicios no lo hago por molestias y siempre está pendiente de esto. Super recomendable.",-,"Stretching, Masajes, Entrenamiento funcional",Lunes a domingo de 11:30 a. m.–8:15 p. m.,"9HGF+3X Buenos Aires, Cdad. Autónoma de Buenos Aires","Google maps, Instagram, Facebook",25-08-25,,
Espacio Caracol Pilates,"Solís 1519 entre Pavón, Filiberto y, C1134 ADG, Cdad. Autónoma de Buenos Aires",Constitución,1127497385,,https://www.instagram.com/espaciocaracol_pilates/#,2242,"5,0x31",,-,"Básico, colorido, espacioso.",,"Hace un año: Amo este lugar! Les profes son personas muy amables, pacientes con el proceso de cada persona, con plena atención a que hagamos cada movimiento desde un lugar respetuoso con nuestro propio cuerpo.",-,Pilates Reformer Clases presenciales /Preparación física para deportistas / Capacitaciones A.M.A.I.P,"Lunes a viernes de 9 a. m.–12 p. m., 5–7 p. m.",9JF6+C5 Cdad. Autónoma de Buenos Aires,"Google maps, Instagram",28-08-25,,
Entre Ríos Pilates,"Av. Entre Ríos 1086, C1080 Cdad. Autónoma de Buenos Aires",Constitución,111524653493,,https://www.instagram.com/entreriospilates/,399,"5,0x12",,Studio Moderna,"Básico. Equipos: reformer, Spring Board, Ladder Barrel,",,Hace 2 meses: Muy buenas clases! Súper recomendable porque son clases personalizadas,-,,"Lunes a viernes  8 a. m.–8 p. m. sábado, 9 a. m.–12 p. m.",9JF6+C5 Cdad. Autónoma de Buenos Aires,"Google maps, Instagram",28-08-25,,
Meraki Bienestar - Pilates reformer y actividades posturales,"Directorio, Camacuá y, C1406 Cdad. Autónoma de Buenos Aires",Flores,1124630771,,https://www.instagram.com/meraki.bienestarintegral,951,"5,0x28",,-,Básico. Tonalidades en torno al violeta.,,"Hace 3 meses: Después de experimentar otros espacios encontré este donde las clases son muy cuidadas, atentas a las posibilidades de cada uno y con el plus del trato amable y con muy buena disposición de la profe (Yani) Además el plus de poder cambiar el turno es muy bueno porque permite no perder clases ni dinero en caso de no poder asisitir Todo invita a perseverar en la actividad . Excelente espacio !",-,,"Lunes a viernes de 8 a. m.–9 p. m. sábado, 9 a. m.–1 p. m.","9G9V+27 Buenos Aires, Cdad. Autónoma de Buenos Aires","Google maps, Instagram",28-08-25,,
Allegro Pilates,"Pedernera 229, C1406 C1406DPC C1406DPC, Cdad. Autónoma de Buenos Aires",Flores,1140341137,,https://www.instagram.com/pilates.allegro/,1451,"4,5x10",,,Básico. Tonalidades en torno al verde.,,"Hace un año: Hoy tuve la primera clase y me encantó todo: la buena onda, las instalaciones, la profe, la rutina. Cuesta encontrar lugares así, 100% recomendable!",-,,"Lunes a viernes: 10 a. m.–1 p. m., 4–8 p. m. sábado, 10 a. m.–1 p. m.",9G9P+5Q Cdad. Autónoma de Buenos Aires,"Google maps, Instagram",28-08-29,,
Dhara Pilates,"Cnel. Ramón L. Falcón 2212 piso 1, depto A, C1406 Cdad. Autónoma de Buenos Aires",Flores,111522728958,cámara ,https://www.instagram.com/dharapilates/?hl=es-la#,4072,"4,8x40",http://www.dharapilates.com/,APC ¿?,,,,"Soy Bárbara Valerga co-creadora de este espacio. Bailarina desde mi infancia, Licenciada en. Composición Coreográfica (UNA), Profesora de danza clásica y contemporánea (UNA), Instructora de Pilates y Profesora de Yoga. Me desempeño en la docencia hace 18 años.",,,"9GCR+76 Buenos Aires, Cdad. Autónoma de Buenos Aires","Google maps, Instagram, web.",28-08-25,Vinculado a la danza.,
Pila Pilates,"Av. Coronel Esteban Bonorino 149, C1406DMC C1406DMC, Cdad. Autónoma de Buenos Aires",Flores,54 11 6232‑2732,,https://www.instagram.com/pilapilatesok/#,497,"5,0x5",,,"Moderno, amplio, iluminados. Equipos nuevos.",,Hace 2 meses: Super recomiendo el lugar! Súper agradable el ambiente y la profe súper atenta !,,,,9GCR+48 Cdad. Autónoma de Buenos Aires,"Google maps, Instagram",28-08-25,,
Estudio Hara,"3 de Febrero 2881, C1429 Cdad. Autónoma de Buenos Aires",Núñez,111573616156,,https://www.instagram.com/estudio.hara/,218,"5,0x10",,-,"Tonalidades pastel azul y blanco. Pequeño, armonioso.",,"Hace 4 meses: Una nueva etapa para nuestro profe Javi en un espacio muy hermoso!!! Sus clases son excelentes, cuidadas, con un enfoque completo para lograr un cuerpo saludable y fuerte.",-,"DNS, Pilates, Yoga, Funcional.","lunes, 9–11 a. m., 5–7 p. m. martes, 9–11 a. m., 5–8 p. m. miércoles, 8–10 a. m. jueves, 9–11 a. m. viernes, 9–11 a. m., 4–8 p. m.","CGXR+5W Buenos Aires, Cdad. Autónoma de Buenos Aires","Google maps, Instagram",02-09-25,,
MP Pilates,"Ohiggins, Av. Congreso y, Cdad. Autónoma de Buenos Aires",Núñez,111530239548,,https://www.instagram.com/mppilates_/,,,,Fox,Básico.,,,-,"Power Pilates, Stretching , Embarazadas","Lunes a viernes 8 a. m.–12 p. m., 4–8 p. m. sábado, 8 a. m.–12 p. m.","CGWR+QF Buenos Aires, Cdad. Autónoma de Buenos Aires","Google maps, Instagram",03-09-25,"Tiene tres Sedes: Nuñez, Belgrano y Palermo",
El Estudio,"Av. Congreso 2100, C1426 Cdad. Autónoma de Buenos Aires",Núñez,1159764666,,https://www.instagram.com/el_estudio_pilates#,888,"5,0x19",,-,Paleta de colores en torno al azul,,Hace 7 meses: Voy al Estudio hace más de 3 años. Dani me acompañó en un proceso de recuperación de una hernia de disco lumbar y con constancia y trabajo logré recuperarme y adquirir fuerza y flexibilidad. Dani es una profesional de excelencia. La recomiendo 100%,Entrenamiento postural e integral a través del Pilates. Reformer y Mat.,,Lunes a viernes de 8 a. m.–9 p. m.,"CGWR+F8 Buenos Aires, Cdad. Autónoma de Buenos Aires","Google maps, Instagram",03-09-25,,
Pilates Grow @pilatesgrowar,"Av. Congreso 2157, C1428 Cdad. Autónoma de Buenos Aires",Núñez,1133787142,,https://www.instagram.com/pilatesgrowar?igsh=ZnNuZncyd3I4aXM1#,2245,"5,0x17",,Del Rio Pilates,Básico.,,"Hace 6 meses: Profe Ale dejaste la vara altísima, se nota que sos diosa en lo que haces, siempre inspirando e innovando. Sos grosa y Grow lo sabe!! Las dueñas son super mega cálidas y atentas, asimismo como lo es Grow",,,Lunes a sábados de 8 a. m.–8 p. m.,"CGWQ+CW Buenos Aires, Cdad. Autónoma de Buenos Aires","Google maps, Instagram",03-09-25,,
Pilates Line,"Av. Congreso 2393 1er piso, C1428 Cdad. Autónoma de Buenos Aires",Núñez,1166941292,,https://www.instagram.com/pilatesline.estudio/?hl=es-la#,2428,"4,2x93",,-,"Tonalidades en torno al malva. Reformer de caño, modernos.",,"Hace 4 meses: Desde que empecé, me siento mucho mejor físicamente. Las profes son atentas, las clases súper bien pensadas, y el espacio siempre está limpio y ordenado. Lo recomiendo 100%",-,,Lunes a jueves 8 a. m.–9 p. m.,"CGVQ+W4 Buenos Aires, Cdad. Autónoma de Buenos Aires","Google maps, instagram",03-09-25,,
Oma BA - Pilates & Yoga,"Av. Cabildo 3047 Timbre F, C1429 Cdad. Autónoma de Buenos Aires",Núñez,1127716208,,https://www.instagram.com/omapilatesyoga/?hl=es#,4909,"4,8x46",https://www.oma-ba.com.ar/,APC,"Moderno, iluminado, colores pastel verde, azul, beige, pelotas grises.",,Hace 7 meses: Excelente lugar para hacer pilates. Ambiente íntimo y cálido. Música tranquila. Fui a una clase de prueba y me gustó. Voy a continuar yendo!,-,Yoga,"Lunes a viernes 8 a. m.–3 p. m., 4–9 p. m. sábado, 9 a. m.–1 p. m.","CGWP+CF Buenos Aires, Cdad. Autónoma de Buenos Aires","Google maps, Instagram, web",03-09-25,,
SPA PILATES,"Campos Salles 2275, C1429BWE Cdad. Autónoma de Buenos Aires",Núñez,,,https://www.instagram.com/spa_pilates/?hl=es-la#,2846,"4,8x14",,-,"Equipado, espacio pequeño, pelotas rojas.",,Hace 3 meses:Las mejores clases de pilates! Las clases son muy dinámicas y el.ambiente es divertido y a la vez comprometido con la actividad!,-,,"Lunes a jueves 9–11 a. m., 5–9 p. m.","CGXP+F5 Buenos Aires, Cdad. Autónoma de Buenos Aires","Google maps, Instagram",03-09-25,,
Pilates Aroha,"Nuñez 2396, C1429 Cdad. Autónoma de Buenos Aires",Núñez,1144481880,sede villa del parque,https://www.instagram.com/pilatesaroha/?hl=es-la#,3604,"4,x10",,-,"Equipado, moderno.",,,,,Lunes - viernes 8 a. m.–9 p. m.,"FG2M+43 Buenos Aires, Cdad. Autónoma de Buenos Aires","Google maps, Instagram,",03-09-25,Sedes: Núñez (Núñez 2396) Villa del Parque(Argerich 3023),
Centropilates BA Núñez,"Amenábar 3611, C1429 Cdad. Autónoma de Buenos Aires",Núñez,1158644224,,-,,"4,x56",https://centropilatesba.com/,-,,,"3 semanas atrás: Nueva: Cada clase con Ro es una experiencia excelente, al margen de ser una gran instructora y sus clases las mejores, tiene una calidez humana que hace que uno se sienta muy a gusto. Honestamente, al margen del Centro que es hermoso, ella es el motivo por el cual muchos de nosotros seguimos entusiasmados hace años ♡ Gran trabajo!",,,,"FG2H+4V Buenos Aires, Cdad. Autónoma de Buenos Aires",,,,
Imperio Pilates Studio,"Monroe 3879, C1430 Cdad. Autónoma de Buenos Aires",Coghlan,1170651521,villa urquizay colegiales,https://www.instagram.com/imperiopilates.studio/,829,"4,9x38",,-,"Básico. 4 Reformer, pelotas grises, pared gris, iluminación que cambia de color.",,,-,,"Lunes a viernes de 7 a. m.–7 p. m. sábado, 9 a. m.–12 p. m.","CGMG+69 Buenos Aires, Cdad. Autónoma de Buenos Aires",,,Celebran cumples –pilates. Profes muy jovencitas. Ya está cargado en Villa Urquiza.,
Almha Pilates,"Saladillo 1188, C1408 Cdad. Autónoma de Buenos Aires",Liniers,1151523205,,https://instagram.com/almha.pilates?igshid=OGRjNzg3M2Y=,1950,"4,5x41",,Del Rio Pilates,"Pared con césped-pasto artificial, espejos ovalados arriba marca ¿?, pelotas grises y azules.",,"3 semanas atrás Nueva: Desastre de lugar, no son humanos se rigen solo por “la plata”. Primera clase que la pague y no fui porque estaba con fiebre , pido el cambio y me piden que VUELVA a pagar!! Cero humanos, cero interés en sus clientes. Lo peor? Mandan textos peleandote por WhatsApp. Desastre total. Editado 2 semanas atrás: Nueva: Pésima atención a cargo de Magalí. Qué mentirosos que son por favor en la respuesta! Jamás la recepcionista me dio la posibilidad de asistir a la clase de las 9hs. Tampoco estaba completo el turno de las 8hs, al cual me podría haber quedado. Había lugar en ambos horarios. Función: evacuar dudas y resolver inconvenientes de los clientes. Mucho que aprender. Les deseo voluntad y buena onda.La necesitan!",-,"Pilates Reformer, Stretching y Hatha Yoga","Lunes viernes de 8 a. m.–12 p. m., 3–9 p. m. sábado, 9 a. m.–1 p. m.","8FWF+4V Buenos Aires, Cdad. Autónoma de Buenos Aires","Google maps, Instagram,",09-09-25,,
Iluminar Pilates&Bienestar,"Tonelero 7400, C1408 Cdad. Autónoma de Buenos Aires",Linier,1145404559,,https://www.instagram.com/iluminar.pilates.bienestar/?hl=es#,3021,"5,0x46",,-,Básico,,"Hace 5 meses: 10 de 10. Honestamente descubrir Iluminar fue un antes y un después, no solo vas a entrenar, vas a pasarla bien. Cada clase con Caro es un cago de risa, te despejas, te relajas, y encima te arropan los michis. ( Que si no te gustan no importa, ellos se quedan afuera ) Gracias a todo el equipo y aguante el turno noche",-,Entrenamiento funcional.,"lunes, 2–9 p. m. martes y jueves 8 a. m.–9 p. m. miércoles y viernes de 12–9 p. m. sábado, 10 a. m.–2 p. m.","8FXF+9Q Buenos Aires, Cdad. Autónoma de Buenos Aires","Google maps, Instagram",09-09-25,Pilates- danza. Usa frases de Paulo Cohelo,
Erevan Pilates,"Av. Lisandro de la Torre 756, C1408 Cdad. Autónoma de Buenos Aires",Linier,111556356046,,https://www.instagram.com/erevan_pilates/#,2242,"4,8x26",,-,"Básico. Pelotas rojas azules, reforme clásicos.",,No hay recientes.,-,,"Lunes a viernes 8 a. m.–8 p. m. sábado, 8 a. m.–12 p. m.","9F3J+62 Buenos Aires, Cdad. Autónoma de Buenos Aires","Google maps, instagram",09-09-25,,
Ludemma Pilates y Yoga,"Cnel. Ramón L. Falcón 6602, C1408 Cdad. Autónoma de Buenos Aires",Linier,1123967699,,https://www.instagram.com/ludemmapilatesfitness/#,2246,"4,9x32",,-,"Básico. Tonalidades malvas, pelotas, pared, mat.",,Hace un año: Clases muy lindas y dinámicas. Las profes son súper dedicadas y están pendientes de todos los alumnos. Lograron que me entusiasme hacer actividad física,-,"Yoga, Streching, Gap, funcional, Zumba,","Lunes a viernes 8 a. m.–9 p. m. sábado, 9 a. m.–12 p. m.","9F5J+R4 Buenos Aires, Cdad. Autónoma de Buenos Aires","Google maps, Instagram",09-09-25,Están desde 2017,
JVS Pilates,"Av. Rivadavia 11067, C1408 Cdad. Autónoma de Buenos Aires",Linier,1164944812,,https://instagram.com/pilates.jvs?igshid=YmMyMTA2M2Y=,1804,"4,9x31",,NUEVA LINEA JVS PILATES REFORMER y Studio moderna pilates.,"Básico, trabaja con diseño (logo en equipos JVS). Color naranja, gris,",,"Editado Hace 10 meses:Excelente profesora, con formación en Danza clásica, lo que hace de cada clase una delicada experiencia. El estudio JVS es un hermoso espacio para relajar y centrarse en uno mismo. Los resultados de la actividad física con pilates reformer por biomecánica son increíbles.",-,"En JVS Pilates formamos instructores con bases sólidas, correcciones reales y una mirada integral del movimiento.","lunes, 8–11 a. m., 4:30–9:30 p. m. martes y jueves, 8–11 a. m., 4–10 p. m. miércoles, 9 a. m.–11 p. m. viernes, 8–11 a. m., 4–8 p. m. sábado, 10 a. m.–1 p. m., 2–4 p. m.","9F6H+FG Buenos Aires, Cdad. Autónoma de Buenos Aires","Google maps, Instagram.",09-09-25,Ver el tipo de reformer y la marca que promocionan.,
Life Pilates,"Fonrouge 213, C1408 Cdad. Autónoma de Buenos Aires",Liniers,1141582244,,https://www.instagram.com/life_pilates1/#,481,"5,0x1",,Studio moderno,Básico.,,,,,"Lunes a jueves de 8–11 a. m., 5–9 p. m. viernes, 8:30–11:30 a. m. sábado, 9 a. m.–12 p. m.","9F5P+GC Buenos Aires, Cdad. Autónoma de Buenos Aires","Google maps, Instagram.",09-09-25,Tiene otro equipos que no son del método.,
Bive Pilates,"Av. Rivadavia 10814, C1408AAV Cdad. Autónoma de Buenos Aires",Liniers,111530874614,cámara ,https://www.instagram.com/bivepilates/?hl=es#,5468,"4,9x61",https://www.bivepilates.com.ar/,P&P,"Iluminado, amplio.",,"Hace 4 meses: Me encantó la experiencia super recomendable para realizar. Una experiencia muy hermosa, desde el nivel de profesionalismo hasta de amabilidad de las profesoras. No dejen de conocer este hermoso lugar lleno de energía hermosa. Gracias por todo Moni, Sole.","En Bive Pilates, nuestra misión es brindarte una experiencia única enfocada en tu bienestar integral. Contamos con un equipo de instructores altamente capacitados que te guiarán en cada sesión para fortalecer tu cuerpo, calmar tu mente y potenciar tu bienestar general.","Pilates aéreo, circuito, Yoga, entrenamiento funcional, Stretching","Lunes a viernes 8 a. m.–9 p. m. sábado, 8 a. m.–2 p. m.","9F6M+6F Buenos Aires, Cdad. Autónoma de Buenos Aires","Google maps, web, Instagram",09-09-25,Está muy organizada toda la info en la web. Ofrecen instructorado.,
SerUno Pilates Reforme,"Araujo 476, C1408 Cdad. Autónoma de Buenos Aires",Liniers,,,https://www.instagram.com/serunobienestar/#,1320,"4,9x61",,Studio moderna Pilates y P&P,"Tonalidades en torno al malva (piso, pared), pelotas grises y naranjas.",,"Hace un mes: Ambiente muy agradable y limpio, buen estado de camas y accesorios , excelentes profesoras, cumplen estrictamente los horarios de las clases , prolijo manejo administrativo y excelente atención a alumnos . Altamente recomendable !!!",-,,"lunes, 10–11 a. m., 4–9 p. m. martes y viernes 8 a. m.–12 p. m., 5–9 p. m. miércoles y jueves, 9 a. m.–12 p. m., 5–9 p. m. sábado, 10 a. m.–1 p. m.","9F5W+2P Buenos Aires, Cdad. Autónoma de Buenos Aires","Google maps, Instagram",09-09-25,Existen desde el 2011. Las redes con información detallada del servicio que ofrecen. g,
Vital Pilates,"Echenagucía 28, C1408 Cdad. Autónoma de Buenos Aires",Liniers,1165073256,,https://www.instagram.com/pilatesvital.ok/#,1929,"5,0x31",,Del Rio Pilates,Básico,,Hace 4 meses: Hace casi dos años que voy y siempre algo nuevo. Las profes genias totales con un trabajo totalmente personalizado y profesional. Se crea un ambiente amoroso y divertido. Super recomiendo Vital Pilates.,-,,"lunes, 8 a. m.–9 p. m. martes, 8 a. m.–12 p. m., 1–9 p. m. miércoles, 8 a. m.–12 p. m., 4–9 p. m. jueves y viernes 8 a. m.–12 p. m., 5–9 p. m. sábado, 9 a. m.–12 p. m.","9F6R+MW Buenos Aires, Cdad. Autónoma de Buenos Aires","Google maps, Instagram",09-09-25,Ofrecen un instructorado.,
Carpe Diem Pilates Clásico,"Reservistas Argentinos, Av. Álvarez Jonte y, C1408 Buenos Aires",Liniers,,,https://www.instagram.com/carpediem_pilatesclasico?igsh=bDJ5MW9jNjV1dm1q,226,"5,0x7",,Reformer de caño. No de madera.,básico,,"Hace 10 meses: Pilates clásico me esta ayudando a sentir mi cuerpo, aumentando mi equilibrio , mejorando mis musculos y beneficiandome para no lesionarme cuando practico tenis. Carla es la mejor profesora que he tenido y hace que la práctica sea mejor aún.",,,"lunes, 4:30–7:30 p. m. martes a jueves 4–8 p. m",-,Google map Instagram,09-09-25,"El 40% del alumnado de Carpe Diem son hombres (dedicado a los que dicen que Pilates es ""para mujeres"")",
Ikal,"Inclán 2518, C1258 Cdad. Autónoma de Buenos Aires",Parque Patricios,1131557966,,https://www.instagram.com/ikal.estetica/?hl=es#,885,"5,0x4",,-,Básico.,,"Hace un año: Son excelentes, super cálidos desde su dueña Flavia que es amable, amorosa, empática y respeta mucho a las clientas hasta las 2 profesoras que tengo, Claudia en pilates que es un sol, muy profesional y afectuosa y Monica de yoga super exigente y cuidadosa, explicando detalladamente cada ejercicio y enseñándote bien las posiciones. Yo hacía muchísimos años que no hacía actividad física y acá encontré un lugar en el que espero que se haga la hora para concurrir. Gracias a todas!!! Ikal es mi lugar!!! Pato",-,"Cosmetologia, Depi definitiva, Pilates, Yoga, Pestañas, Cejas, Manicuria, Pedicuria,","Lunes a viernes de, 10 a. m.–9 p. m.","9JC2+22 Buenos Aires, Cdad. Autónoma de Buenos Aires","Google maps, Instagram",11-09-25,,
Estudio del Sur Pilates,"Inclán, Av. Jujuy &, Buenos Aires",Parque Patricios,1170641754,,https://www.instagram.com/estudiodelsurpilates/?hl=es#,1169,"5,0x21",,-,Básico.,,"Hace un año: Es -El- lugar para hacer pilates! Profes muy piolas, dedicadas y atentas con las alumnas. En cuanto al espacio muy agradable, híper prolijo y todo cuidado. Además es re completo en cuanto a elementos, con lo que Nunca una clase es igual a otra. Se la pasa bien en Estudio Sur!",-,,Lunes a viernes 8 a. m.–9 p. m.,"9H9X+XJ Buenos Aires, Cdad. Autónoma de Buenos Aires","Google maps, Instagram",11-09-25,,
Patricia Pilates Castillo,"15 de Noviembre y Pichincha, Buenos Aires",Parque Patricios,1133244192,,https://www.instagram.com/pilatesquality/?hl=es#,805,,,,Básico,,,,"Pop Dance, yoga, depilación","Lunes a viernes 10 a. m.–9 p. m. sábado, 9 a. m.–5 p. m.","9J83+R9 Buenos Aires, Cdad. Autónoma de Buenos Aires","Google maps, Instagram,",11-09-25,,
Non solo Pilates,"Brasil 2747, C1246 Cdad. Autónoma de Buenos Aires",Parque Patricios,1156688114,,https://www.instagram.com/nonsolopilates/profilecard/?igsh=Njdva3F0dmJmem13,1895,"4,8x23",,-,,,"Hace 5 meses: Triple B: bueno, bonito y barato. Profes muy buenos, creo que tuve clases con todos o la mayoría. Cada uno tiene su estilo y chispa, pero las clases son muy buenas. Horarios variados, podés tener hasta dos días fijos y recuperar clases que anules con tiempo. Me encanta!",-,,"Clases de lunes a lunes, de 8 a 22 hs","9H9W+3W Buenos Aires, Cdad. Autónoma de Buenos Aires","Google maps, Instagram",11-09-25,Una de las profes tiene formación en danza clásica. Tienen un local con un reformer para clases personalizadas.,
Leitmotiv Pilates,"Av. Caseros 2974, C1263 Cdad. Autónoma de Buenos Aires",Parque Patricios,54 11 7627 3762,,https://www.instagram.com/leitmotivpilates/?hl=es-la#,1415,"5,0x6",,P equipo,Básico. Tonalidades en torno al verde.,,,,,,"9H7W+44 Buenos Aires, Cdad. Autónoma de Buenos Aires","Google maps, instagram",11-09-25,Poca información disponible.,
Valestar bien,"Cátulo Castillo 3072, C1243AER Cdad. Autónoma de Buenos Aires",Parque Patricios,1158301953,,https://www.instagram.com/valestar_bien/?hl=es-la#,1424,"4,8x64",,Studio moderna,Básico.,,"4 semanas atrás: Excelente estudio de pilates, clases profesionales que se adaptan a cada persona y que te desafían a ir por más. Vale es una gran persona ante todo, ella está allí para que ese momento sea cálido, cuidado, y a la medida. No se trata de que todos hagamos lo mismo, se trata de que cada persona reciba la rutina adecuada y eso viene de la mano y el conocimiento de Vale. 1000% recomendable!",-,"Pilates.Atención nutricional, sesiones de Biodecodificacion","Lunes y viernes 9 a. m.–8 p. m. martes y jueves 9 a. m.–9 p. m. miércoles, 3 a. m.–8 p. m. sábado, 10 a. m.–1 p. m.","9H8R+2X Buenos Aires, Cdad. Autónoma de Buenos Aires","Google maps, instagram",11-09-25,,
Yoga y Pilates,"Av. Caseros 2825, C1264 Cdad. Autónoma de Buenos Aires",Parque Patricios,1124642974,,-,,"4,8x33",,-,,,"Hace un mes: Estoy asistiendo a clases de pilates desde hace varios meses y vengo muy contenta con mi proceso. Puedo notar el cambio en la fuerza, el tono y la flexibilidad. Las clases con Marina son con grupos reducidos, donde reina el respeto y la buena onda, junto con el cuidado que como instructora le pone a cada participante. Recomiendo este espacio al 100%",,,,"9H7W+CX Buenos Aires, Cdad. Autónoma de Buenos Aires",Google maps,11-09-25,"Poca infor, no encontré el Instagram, ni el horario.",
Espacio Compromiso Bienestar,"Salcedo 3274, C1259 Cdad. Autónoma de Buenos Aires",Parque Patricios,1141408258,,https://instagram.com/compromiso.bienestar,1039,"5,0x21",,-,Básico.,,Hace 7 meses: Hermoso espacio con excelentes actividades y profesionales comprometidos!,-,"Meditación budista, danza.","Lunes a viernes 10 a. m.–8 p. m. sábado, 10 a. m.–6 p. m.","9H8Q+RJ Buenos Aires, Cdad. Autónoma de Buenos Aires","Google maps, Instagram",11-09-25,Instructor vinculada a la danza.,
Estetica Glow,"Catamarca 1692, C1248 Cdad. Autónoma de Buenos Aires",Parque Patricios,1153193995,,https://www.instagram.com/glowpilatess?igsh=MWFlc2puNHY0bWgzbA==,833,,,,Básico ,,,-,cuidado de la piel y el cuerpo. Tratamientos personalizados,"Lunes a viernes 8 a. m.–8 p. m. sábado, 9 a. m.–12 p. m.","9HCX+24 Buenos Aires, Cdad. Autónoma de Buenos Aires","Google maps, instagram",11-09-25,Es dentro de un espacio de Estética.,
Centro Pilates Buenos Aires,"Guaminí 5288, C1439 Cdad. Autónoma de Buenos Aires",Villa Riachuelo,1162506582,,https://www.instagram.com/pilates_bsas?igsh=MW85MnNnbm1pY2oxZQ%3D%3D#,2447,"5,0x6",,,Básico,,,,,"Lunes a viernes 8 a. m.–8 p. m. sábado, 9 a. m.–1 p. m.","8G5G+PW Buenos Aires, Cdad. Autónoma de Buenos Aires","Google maps, Instagram",11-09-25,,
Umana Pilates Caballito,"Guaminí 5173, C1439HAM Cdad. Autónoma de Buenos Aires",Villa Riachuelo,,,https://www.instagram.com/humanupilates/#,2584,-,,-,"Equipado, básico.",,-,-,"Instructor de Pilates clásico y contemporáneo, Instructor de Indoor cycle, Instructor de Spinning.","Lunes a viernes 8 a. m.–9 p. m. sábado, 10 a. m.–1 p. m.","8G6G+29 Buenos Aires, Cdad. Autónoma de Buenos Aires","Google maps, Instagram",11-09-25,Este profe lo seguía por algo en particular… buscar.,
V.A. Pilates & Stretching,"Timoteo Gordillo 2435, C1440EEW Cdad. Autónoma de Buenos Aires",Mataderos,1121716897,,-,,"5,0x4",,-,Básico,,Editado Hace un mes: Me anoté hace 6 meses para rehabilitar mi musculatura. Avancé muchísimo gracias a que la profe estuvo muy atenta a mis necesidades y limitaciones. Estoy muy feliz por haber conocido este espacio. Super recomendable,https://www.facebook.com/people/VA-Studio-Pilates-stretching/61564964738665/,,"Lunes a viernes 8 a. m.–8 p. m. sábado, 9 a. m.–1 p. m.","8FQX+25 Buenos Aires, Cdad. Autónoma de Buenos Aires","Google maps, face",11-09-25,No encontré el instagram,
Pilates Mat y Reformer Bio Gym,"Corvalán 2154, C1440 Cdad. Autónoma de Buenos Aires",Mataderos,111567856924,,No encontré,,"4,0x5",,Spa.com.ar,Básico,,"Hace 8 meses: Mala atención, responde los mensajes cuando quiere",,,,"8GR7+VX Buenos Aires, Cdad. Autónoma de Buenos Aires","Google maps,",11-09-25,Poca información disponible,
SOY Pilates,"Francisco Bilbao 4927, C1440BFA Cdad. Autónoma de Buenos Aires",Mataderos,,,https://www.instagram.com/salayosoy/#,,-,,-,Básico. Tonalidades en torno al malva y el rojo (equipos y pelotas),,-,,,,"8GW8+C7 Buenos Aires, Cdad. Autónoma de Buenos Aires","Google maps, Instagram",11-09-25,Poca info,
Sol Pilates,"Remedios 4912, C1407 Cdad. Autónoma de Buenos Aires",Mataderos,,,https://www.instagram.com/sol.pilatess?igsh=MW9kdXdtejRtb2VjMQ==,496,"5,0x6",,Hek T pilates,Básico. Tonalidades en torno al rojo. Equipos- reformer viejos.,,Hace un año: El mejor entrenamiento personalizado a precios únicos. El deporte más saludable dado con responsabilidad y compromiso. Muy recomendable,,,"Lunes a viernes 8 a. m.–8 p. m. sábado, 8 a. m.–12 p. m.","8GX6+4G Buenos Aires, Cdad. Autónoma de Buenos Aires","Google maps, Instagram",11-09-25,,
Mantra Yoga y Pilates,"Oliden al 1500, C1440 Cdad. Autónoma de Buenos Aires",Mataderos,11 5525-5327,mantraconsultas@gmail.com,-,,"4,9x15",https://espaciomantrayoga.com.ar/,-,básico,,No hay recientes,"Mantra es un espacio donde trabajamos integralmente. Entendemos que cada persona es única y que cada ser para estar sano debe mantenerse en equilibrio físico, emocional y espiritual, entendiendo que todo fluctúa, se mueve, se transforma, que nada permanece estático; y así vamos adaptándonos y acompañando esos movimientos que la naturaleza y la vida nos presenta día a día .","Talleres y Workshops de Terapia sonora, Automasajes y Relajación, Yoga Nidra, Alivio del dolor cervical-lumbar, y más.",,"8FWW+JC Buenos Aires, Cdad. Autónoma de Buenos Aires","Google maps, web",12-09-25,,
SerUno • Pilates Reformer,"Araujo 476, C1408 Cdad. Autónoma de Buenos Aires",Villa Luro,,,https://www.instagram.com/serunobienestar/#,,"4,9x61",,Studio moderna,Básico,,"Hace un mes. Ambiente muy agradable y limpio, buen estado de camas y accesorios , excelentes profesoras, cumplen estrictamente los horarios de las clases , prolijo manejo administrativo y excelente atención a alumnos . Altamente recomendable !!!",-,,"lunes, 10–11 a. m., 4–9 p. m. martes, miércoles y jueves de 8 a. m.–12 p. m., 5–9 p. m. viernes, 8 a. m.–12 p. m., 5–9 p. m. sábado, 10 a. m.–1 p. m.","9F5W+2P Buenos Aires, Cdad. Autónoma de Buenos Aires","Google maps, instagram",12-09-25,,
Pilates Studio Sabrina Feal,"Leopardi 190, C1407 Cdad. Autónoma de Buenos Aires",Villa Luro,1123925650,,https://www.instagram.com/pilates.studio.sabrinafeal/#,999,"5,0x6",,Del Río Pilates,"Básico. Tonalidad rosa, colchonetas, pelotas grisesa",,"Hace un año: Excelente lugar y más que excelente profesora, Sabri es lo más!! No solo explica bien y muestra como se deben hacer los ejercicios, sino que es súper amable, amorosa y divertida",-,"Acrobacias, Pilates reformer,Reformer postural, Stretching, Training mix Yoga","Lunes a viernes, 8 a. m.–8 p. m. sábado, 9 a. m.–12 p. m.","9G63+52 Buenos Aires, Cdad. Autónoma de Buenos Aires","Google maps, instagram",12-09-25,,
Bive Pilates Villa Luro,"Av. Rivadavia 9823, C1407 Cdad. Autónoma de Buenos Aires",Villa Luro,1170663086,,https://www.instagram.com/bivepilates/?hl=es#,,,https://www.bivepilates.com.ar/,P&P y FOX,,,"Hace 2 meses: Llevo un mes de clases y estoy muy contenta! El lugar es agradable, limpio, los equipos son muy cómodos y sobre todo destaco el profesionalismo de la profe Fernanda! Está pendiente a todos los detalles y el trabajo en el cuerpo es tan profundo como llevadero 🙌🏼 siempre con buena onda!",-,,"Lunes a viernes de, 8 a. m.–9 p. m. sábado, 9 a. m.–2 p. m.","9F6W+XW Buenos Aires, Cdad. Autónoma de Buenos Aires","Google maps, instagram",12-09-25,Tiene una sede en Villa Luro y otra en Liniers. Toda la información en web.,
VALU pilates reformer funcional,"Av. Juan Bautista Justo 8150, C1407 Cdad. Autónoma de Buenos Aires",Villa Luro,,,https://www.instagram.com/valupilatesyfuncional/,6187,"4,7x30",,Studio moderna,Básico,,"Hace 5 meses. Excelente persona y profe. Maru es super dinamica con sus clases, te motiva para superar todos tus limites. Clases intensas y variadas, si te gusta mucho el deporte es por aca!",,,Lunes a viernes de 8 a. m.–9 p. m,"9F8X+P2 Buenos Aires, Cdad. Autónoma de Buenos Aires","Google maps, Instagram",12-09-25,,
Yoga y Pilates Villa Luro,"Av Canónigo M. C. del Corro 615, C1407 Cdad. Autónoma de Buenos Aires",Villa Luro,1163736001,,https://www.instagram.com/yogaromy/?hl=es#,2069,"4,9x39",,-,Básico.,,"3semana atrásNuevaRecomiendo mucho el instructorado. Tiene una excelente calidad de educación y de los contenidos enseñados. Entregan apuntes para reforzar lo aprendido en cada clase, así como también, se realizan prácticas es muy completo. Las profesoras son unas genias con gran dedicación para enseñar. El espacio es luminoso, amplio y la ambientación es muy acogedora. Le pongo 10 a todo!!",-,Clases e INSTRUCTORADO de 𝐏𝐢𝐥𝐚𝐭𝐞𝐬 Reformer/CLASES de Yoga /Columpios/Elongación,"Lunes a viernes 10 a. m.–9 p. m. sábado, 10 a. m.–3:30 a. m.","9G92+39 Buenos Aires, Cdad. Autónoma de Buenos Aires","Google maps, instagram",12-09-25,Ofrecen instructorado.,
LINA PILATES,"Av. Juan Bautista Justo 7871, C1407 Cdad. Autónoma de Buenos Aires",Villa Luro,1131632450,,https://instagram.com/linastudiopilates?utm_medium=copy_link,1427,"5,0x26",,Studio moderna,Básico. Tonalidades en torno al malva. Pelotas grises.,,Hace 5 meses: Voy hace más de 2 años.... Nunca pude sostener una actividad física hasta que conocí Lina...Muchas dedicación de parte de las profes y además se forman hermosos grupos. Personalmente me divierto mucho... Lo recomiendo 100 %,-,,"Lunes a viernes 8 a. m.–12 p. m., 3–9 p. m. sábado, 8 a. m.–12 p. m., 3–9 p. m.","9F9X+9X Buenos Aires, Cdad. Autónoma de Buenos Aires","Google maps,",12-09-25,,
206 Pilates Studio,"Santiago de las Carreras 7, C1407KTA Cdad. Autónoma de Buenos Aires",Vélez Sársfield,1126649896,,https://www.instagram.com/pilates206.ar/#,,"4,3x106",,Life pilates,Básico. Tonalidades verdes.,,"Hace 4 meses: Las profesoras que me tocaron son geniales, muy profesionales y atentas. Pero la parte administrativa es un desastre, no hay una atención personalizada. Cuando te comunicas aluden que son varias personas haciendo diferentes trabajos, pero la comunicación entre estas personas parece que es inexistente. No son considerados ni con las recuperaciones ni con la fecha de alta de las clases al inicio del mes.",,,"Lunes y martes 8 a. m.–10 p. m. miércoles y viernes 7 a. m.–9 p. m. jueves, 7 a. m.–10 p. m. sábado, 8 a. m.–3 p. m.","9G76+M6 Buenos Aires, Cdad. Autónoma de Buenos Aires","Google maps, Instagram",12-09-25,,
Sukha Pilates Core Center,"Av. Rivadavia 8945, C1407 Cdad. Autónoma de Buenos Aires",Vélez,1168255763,,https://www.instagram.com/sukha.pilatescorecenter/profilecard/?igsh=MWtpendyMWh6dnp2aA==,,"4,6x27",,Del rio pilates,,,"Hace un mes: Una estrella mucho!!! ver opinión anterior!! Vas personalmente para acomodar horario y dicen por Whatsapp!! Escribo un viernes, acuerdo dia martes y jueves a las 10, el sábado transferia, no pude. Escribo el lunes, problema para acordar el horario, finalmente cierro en uno que no me convencia. A las 23 h me confirman que su pyedo martes y jueves. Voy martes 5 y no!! Se equivocó!! Dice llegar en horario, llegué a las 10 y la clase habia empezado, devolvio el dinero!! Pero son un desastre!!",,Naturopatía,-,"9G75+QW Buenos Aires, Cdad. Autónoma de Buenos Aires","Google maps, Instagram",12-09-25,"Tiene tres sedes. Instagram muy cargado, ruido visual.",
Mikigai Pilates,"Segurola 1036, C1407 Cdad. Autónoma de Buenos Aires",,111558105355,,https://www.instagram.com/mikigai.pilates/#,874,"5,0x42",,Studio moderna,"Básico. Pared de hojas artificiales, tonalidades verdes. Trabajo en madera, pelotas grises.",,"Hace 2 meses. Más que encantada con este hermoso lugar. Todas las profes son divinas y sus clases son muy buenas. Ya hace casi un año que voy y me encanta este espacio, me siento más que cómoda y veo muchísimo el avance en mí. Más que recomendado",-,,"Lunes a viernes de, 8 a. m.–9 p. m. sábado, 9 a. m.–1 p. m.","9GF5+96 Buenos Aires, Cdad. Autónoma de Buenos Aires","Google maps, instagram",12-09-25,,
Pilates en Circuito SD Versalles,"Bermúdez 1186, C1407 Cdad. Autónoma de Buenos Aires",Vélez,1124780355,,https://www.instagram.com/pilatescircuito.sd?igsh=ZnZ5YmNpbnhzMTM5,1144,"5,0x23",,Idpil.com,En una construcción antigua y despintada.,,"Hace un mes: El estudio es divino. Las clases son dinámicas, no todo el tiempo en la cama: vas rotando de posta en posta, eso hace que las clases sean muy divertidas, cero monótonas. Amadeo es un genio. Siempre prestando atención a los ejercicios para hacer las correcciones necesarias, con propuestas de actividades diferentes y adaptadas a cada persona. Súper recomendable el estudio!",-,Método Circuito| Pilates | Full power,"Lunes, martes, jueves y viernes 8 a. m.–12 p. m., 4–8 p. m. miércoles, 8 a. m.–12 p. m., 5–8 p. m. sábado, 10 a. m.–12 p. m.","9FFX+8V Buenos Aires, Cdad. Autónoma de Buenos Aires","Google maps, Instagram",12-09-25,Tiene dos sedes.,
Pilates del Ángel by Maca Ardanaz,"Av. Álvarez Jonte 4815, C1407GPC Monte Castro, Cdad. Autónoma de Buenos Aires",Vélez,,,https://www.instagram.com/pilatesdelangel/,1377,"4,8x56",,-,"Iluminado, limpio, espacioso.",,Hace un mes: Siempre me costó bastante tener constancia con alguna actividad física pero Maca logró que me enganche totalmente con pilates. Tiene una energía inigualable y una calidez humana que hablan por sí solas. Los grupos que forma son igualmente cálidos. Como profesora es un 1000!!!,,,Lunes a viernes de 9 a. m.–8 p. m,9FJV+2F Cdad. Autónoma de Buenos Aires,"Google maps, Instagram",12-09-25,,
"HAUS, Casa de Pilates","Irigoyen &, San Blas, Cdad. Autónoma de Buenos Aires",Vélez,1121841731,autentic pilates argetina,https://www.instagram.com/haus.casadepilates/#,252,"5,0x13",,Studio moderna,"Equipado, iluminado, minimalista- moderno.",,"Hace 7 meses: Impecable, altamente capacitada la profe , super paciente, amorosa , dedicada a full, respeta los tiempos de cada uno. Ambiente super acogedor , el mejor lugar de Versalles sin dudas.",,,"Lunes a jueves 8:30 a. m.–8 p. m. viernes, 8:30 a. m.–7 p. m.","9F8Q+XJ Buenos Aires, Cdad. Autónoma de Buenos Aires","Google maps, Instagram 1",02-09-25,,
Palacio Fit,"Av. Asamblea 142, C1424COO Cdad. Autónoma de Buenos Aires",Parque Chacabuco,1122769690,,https://www.instagram.com/palacio.fitness/?hl=es#,1431,-,http://palacio.fitness/,-,"Amplio, diseño de colores en torno al rojo y al negro. Reformer clásicos, pelotas rojas.",,-,.,Pilates circuito. Tiene bicicletas estáticas.,Lunes a domingo de 8 a. m.–9 p. m.,"9H9C+8W Buenos Aires, Cdad. Autónoma de Buenos Aires","Google maps, Instagram",14-09-25,Espejos ovalados.,
Espacio fit,"Doblas 1356, C1424BMB Cdad. Autónoma de Buenos Aires",Parque Chacabuco,1126743485,,https://www.instagram.com/espaciofitok/,2591,"4,8x81",,P&P,Básico.,,Hace 5 meses: Un lugar preparado para entrenar de acuerdo a tus metas! Los profes son excelentes! Al igual que sus clases! Yo hago funcional y pilates! Pero hay de todo! Los chicos de recepción también son lo más! No duden en ir y probar!,Centro de actividades deportivas y de la salud,"Gimnasia, zumba, yoga, boxeo.",Lunes a domingo de 8 a. m.–9 p. m.,"9H9C+4Q Buenos Aires, Cdad. Autónoma de Buenos Aires","Google maps, Instagram",14-09-25,,
Étoile Pilates Studio,"Tejedor 244, C1424 Cdad. Autónoma de Buenos Aires",Parque Chacabuco,111572457235,,https://www.instagram.com/etoile.pilates/#,505,"3,0x2",,-,"Moderno, amplio, tonalidades en torno al beige.",,"semanas atrás: Nueva: Muy decepcionante. La atención al cliente deja mucho que desear. Reservé clases con anticipación y, al llegar, todo estaba ocupado. Una falta total de organización y respeto hacia los clientes. No lo recomiendo en absoluto.",-,,"Lunes a viernes de, 8 a. m.–9 p. m. sábado, 9 a. m.–2 p. m.","9H9C+X4 Buenos Aires, Cdad. Autónoma de Buenos Aires","Google maps, Instagram",14-09-25,Espejos ovalados.,
Estudio Taoyqi,"Del Barco Centenera 1207, C1424 Cdad. Autónoma de Buenos Aires",Parque Chacabuco,1155051928,,https://www.instagram.com/taoyqi/#,5885,"4,7x26",http://www.taoyqi.com.ar/,-,-,,Hace un año: Mi suegra concurrió a una clase con unos de los profesores y le comentó que no podía realizar ciertos movimientos y que sabía que necesitaba una rutina adaptada. El profesor sabiendo todo esto no mostró empatía y en ningún momento se interesó por la situación que le había comentado. Lugar no recomendable,Centro de formación holística y transpersonal.,,Lunes a viernes de 9:00 a 13:00 y de 17:00 a 20:00.,"9H87+P7 Buenos Aires, Cdad. Autónoma de Buenos Aires","Google maps, web, instagram",14-09-0254,,
MR Pilates Reformer @mrpilatesreforme,"Av. La Plata 1711, C1250 Cdad. Autónoma de Buenos Aires",Paque Chacabuco,111537028359,,https://www.instagram.com/mrpilatesreformer/#,880,"5,2x62",,-,"Básico. Amplio, linda vista. Tonalidades en torno al violeta",,,,,Lunes a sábado de 9 a. m.–9 p. m.,"9H7F+WX Buenos Aires, Cdad. Autónoma de Buenos Aires","Google maps, Instagram",14-09-25,Da Clases a adultos mayores,
Paloma Pilates,"Av. José María Moreno 1924, C1424 Cdad. Autónoma de Buenos Aires",Parque Chacabuco,1173641200,,https://instagram.com/pilatespaloma,1118,"5,0x14",,-,básico,,Hace 11 meses: La mejor profe Lourdes de pilates!!! Te super cuida y da acordé a lo que necesita cada uno por su salud. Las clases son super lindas y variadas.,-,"Pilates Reformer, Pilates Mat, Streching","lunes, miércoles y vienes de 8 a. m.–12 p. m., 3–8 p. m. martes y jueves de 8 a. m.–12 p. m., 4–8 p. m.","9H59+PG Buenos Aires, Cdad. Autónoma de Buenos Aires","Google maps, Instagram",14-09-25,,
MirianG.- Espacio de Pilates,"Victor Martínez 1754, C1406 Cdad. Autónoma de Buenos Aires",Parque Chacabuco,35879906,,https://www.instagram.com/miriang._espacio_de_pilates/#,,"4,8x35",,Reformer de caño,básico,,"Hace un mes: Desde enero tomo clases con Miri, no solo me volvi FAN sino que tambien encontre constancia y disciplina. Hoy en dia voy tres veces por semana y MAS que feliz. Miri es excelente profesional, gran profe y persona!!! Siempre esta atenta a sus alumnos, nos cuida fisicamente y tambien nos mima! La super recomiendo",,"Tallerista, facilitadora, pintora, instructora de Pilates con enfoque terapéutico, profesora de Hatha Yoga","Lunes a jueves 9 a. m.–9 p. m. viernes, 9 a. m.–8 p. m.","9H66+2G Buenos Aires, Cdad. Autónoma de Buenos Aires","Google maps, Instagram",14-09-25,,
Pilates Flow Chacabuco,"Av. Asamblea 1436, 1095 Cdad. Autónoma de Buenos Aires",Parque Chacabuco,1138776699,,https://www.instagram.com/pilatesflow.chacabuco/?hl=es#,1261,"4,6x10",,-,Básico.,,"Hace un mes: Me encanta el lugar, la atencion es excelente y las clases tambien, variedad de horarios de pilates y tambien las de yoga;instalaciones nuevas y cuidadas, los profes genial; el sistema me encanta porque puedo acomodar las clases a mis horarios",,,"Lunes a viernes, 8 a. m.–9 p. m. sábado, 9 a. m.–1 p. m.","9H74+82 Buenos Aires, Cdad. Autónoma de Buenos Aires","Google maps, Instagram",14-09-25,,
Oasis Pilates,"1406, Cdad. Autónoma de Buenos Aires",Parque Chacabuco,1158066440,,https://www.instagram.com/oasisstudio.pch/#,194,"4,2x5",,-,Básico,,Hace 11 meses: Buscaba un lugar para hacer pilates encontré pch .. me agendo para un miércoles a las 20..(el lunes ) llegue a la clase que no me quedaba cerca en lo absoluto.. y me había agendado mal.. nunca me avisó.. me pareció una falta de respeto y poco profesional.. encima no estaba la persona que me agendo.. habia otra profesora que no tenía ni idea de nada... Un desastre cero recomendable.. le mandé mensaje x Whatsapp y reaccionó con una cara triste.. xx dios...bronca que no tomen en serio a la gente,,,"Lunes a jueves de 9 a. m.–12 p. m., 2–9 p. m. viernes y sábados, 9 a. m.–12 p. m.",9H83+45 Cdad. Autónoma de Buenos Aires,"Google maps, instagram",14-09-25,,
HA! Pilates y Bienestar,"Av. Carabobo 602, C1406DGT, Cdad. Autónoma de Buenos Aires",Parque Chacabuco,911 2333465,,https://www.instagram.com/ha.pilates.bienestar/#,440,"5,0x12",https://hapilatesybienestar.com/,RM pilates,Básico,,,"En HA! Pilates Bienestar creemos que el trabajo corporal es esencial para lograr la armonía. La consciencia del propio cuerpo y su fortalecimiento se consiguen a través de los preceptos de esta técnica que busca concentración, control, centro (powerhouse), fluidez, precisión y respiración, como herramientas hacia el éxito de la práctica.",,"Lunes a viernes de 8 a. m.–7 p. m. sábado, 9–11 a. m.",9G8W+HP Cdad. Autónoma de Buenos Aires,"Google maps, Instagram",14-09-25,,
Toulouse Pilates Chacabuco,"Baldomero Fernández Moreno 1263, C1406HHC Cdad. Autónoma de Buenos Aires",Parque Chacabuco,1123991880,,-,,"4,8x41",http://www.toulousepilates.com/,P&P,"Amplio, tonalidades rosa pastel, marrón claro, trabajo en madera.",,Hace 4 meses: Lugar excelente resultados positivos un gusto ir,,,"Lunes a viernes de 8 a. m.–3 p. m., 5–9 p. m. sábado, 10 a. m.–2 p. m.","9H94+85 Buenos Aires, Cdad. Autónoma de Buenos Aires","Google maps, Instagram",14-09-25,"Tiene 4 sedes. Palermo, colegiales, cañitas y Chacabuco.",
Vidamí Pilates Mat,"Emilio Mitre 751, C1424 Cdad. Autónoma de Buenos Aires",Parque Chacabuco,1130221215,,https://www.instagram.com/vidami.pilates#,297,"5,0x7",,,Pilates mat,,"Hace 9 meses: Muy lindas clases, la profe muy atenta a las participantes, super buena onda. Es un gran lugar para reencontrarse con la actividad física en un ambiente respetuoso. La super recomiendo!",,,"lunes, miércoles y viernes de 6–8 p. m.","9H95+Q3 Buenos Aires, Cdad. Autónoma de Buenos Aires","Google maps, instagram",14-09-25,,
YB estudio Pilates,"Del Barco Centenera 884, C1424 Cdad. Autónoma de Buenos Aires",Parque Chacabuco,1176252842,,https://www.instagram.com/ybestudiopilates/#,222,"4,2x10",,-,Básico.,,una semana atrásNueva: … El lugar es muy malo en organización y en atención al cliente no lo recomiendo! Gracias por nada pero decidí buscarme otro lugar! pd: no le pongo 0 estrellas solo porque no se puede.,,,"Lunes a viernes de 9 a. m.–9 p. m. sábado, 10 a. m.–3 p. m.","9HC6+4G Buenos Aires, Cdad. Autónoma de Buenos Aires","Google maps, Instagram",14-09-25,,
Ananda Pilates,"Del Barco Centenera 860, C1424AMR Cdad. Autónoma de Buenos Aires",Parque Chacabuco,1144147664,,https://www.instagram.com/pilates_ananda/#,447,"4,9x17",,-,Básico,,"Hace un mes: El lugar es hermoso, la atención aún mejor. Calidad y trato que dan ganas de volver.",,"Pilates Mat, Flexiblilidad, Zumba, Yoga Integral, Entrenamiento Funcional, Taller de Teatro","lunes, miércoles y viernes 8 a. m.–12 p. m., 5–9 p. m. martes y jueves 8 a. m.–12 p. m., 2–6 p. m.","9HC6+6C Buenos Aires, Cdad. Autónoma de Buenos Aires","Google maps, Instagram",14-09-25,,
Etnya Pilates Craig,"Zuviría 601, C1424CKM C1424CKM, Cdad. Autónoma de Buenos Aires",Parque Chacabuco,,,https://www.instagram.com/etnyapilates/?hl=es#,3628,"3,9x14",,-,"Equipado, básico.",,"Hace un año: pésima atención, tardan una semana en responder un whatsapp y se hace imposible coordinar para las clases. una lástima",,,,9HC8+65 Cdad. Autónoma de Buenos Aires,Google maps instagram,14-09-25,,
Vibra Pilates Consiente,"Gregorio de Laferrère 3836, C1407HQF Cdad. Autónoma de Buenos Aires",Parque Avellaneda,,,https://www.instagram.com/espaciovibra.pilates/?hl=es#,1166,"4,4x7",,-,Básico,,Hace 3 meses: Luego de una cirujía de espalda encontré el lugar perfecto para recuperarme física y espiritualmente. Gracias a Caro y sus profes. Sumamente recomendable.,,,,"9G3H+X8 Buenos Aires, Cdad. Autónoma de Buenos Airesg","Google maps, Instagram",14-09-25,,
JOA estudio de pilates,"Av. Directorio 3526, C1407 Cdad. Autónoma de Buenos Aires",Parque Avellaneda,111530197270,,https://www.instagram.com/joaestudiodepilates/#,281,"5,0x2",,-,Básico,,"3 semanas atrás: Nueva. Es terapéutico! Me dolía la espalda, me sentía pesada y cansada todo el tiempo. Ahora me siento distinta. Es un espacio para desconectar del laburo, dedicado a nosotros/as. No importa la edad o el sexo , todos podemos hacerlo. Nos merecemos sentirnos bien.",,,"Lunes a viernes 8 a. m.–1 p. m., 3–9 p. m. sábado, 9 a. m.–4 p. m.","9G6G+P4 Buenos Aires, Cdad. Autónoma de Buenos Airesg","Google maps, Instagram",14-09-25,,
MWD,"Av. Piedra Buena 4772, C1439GWR Cdad. Autónoma de Buenos Aires",Villa Lugano,1137558285,,https://www.instagram.com/mwdpilates/?hl=es#,2255,"4,8x34",,,Básico. Pelotas azules.,,Editado Hace 5 meses: Excelente la profe Yami y todo su equipo! Da gusto venir a entrenar. Amo también mis a compañeras de turno,,,"Lunes a viernes 8 a. m.–12 p. m., 3–9 p. m. sábado, 9 a. m.–1 p. m.","8G7F+F7 Buenos Aires, Cdad. Autónoma de Buenos Aires",Google maps,14-09-25,,
Gran Cóndor Fitness,"Aquino 6393, C1439 Cdad. Autónoma de Buenos Aires",Villa Lugano,1136270530,,https://www.instagram.com/grancondor.fitness/#,1348,"5,0x49",https://grancondor.fitness/,.,Básico,,una semana atrás Nueva: Hermoso gym! Hago pilates y las profes son excelentes. Las clases súper variadas y con muchos elementos para utilizar. Relación precio calidad 10/10.,,"Zumba, yoga","lunes, 8 a. m.–12 p. m., 4–9 p. m. martes, miércoles y jueves 8 a. m.–12 a. m. viernes, 4 p. m.–12 a. m. sábado, 8 a. m.–12 a. m.","8GC8+3J Buenos Aires, Cdad. Autónoma de Buenos Aires","Google maps, instagram",,Info en IG a través de memes..,
Yola_juana,"Av. Larrazábal 3721, C1439 Cdad. Autónoma de Buenos Aires",Villa Lugano,1152594994,,https://www.instagram.com/yola_juana/#,2088,"4,6x5",,Del rio pilates,básico,,No hay recientes,,,,"8GGF+CQ Buenos Aires, Cdad. Autónoma de Buenos Airesg","Google maps, IG",14-09-25,,
Kyo Pilates,"Marcelo Gamboa 6351, C1408AQE C1408AQE, Cdad. Autónoma de Buenos Aires",Versalles,,,,493,"5,0x2",,,,,,,,,9F9G+HW Cdad. Autónoma de Buenos Aires,"Google maps,",14-09-25,Muy poca información disponible,
Shyvana Pilates,"Bruselas 511, C1408 Cdad. Autónoma de Buenos Aires",Versalles,1153331438,,https://www.instagram.com/shyvanapilates/reels/#,400,"5,0x20",,Studio moderna Pilates,Tonalidades en torno al malva. Básico.,,"Editado Hace 5 meses: Shyvana Pilates, este lugar es increíble por su ambiente tranquilo, relajado y sobre todo, destacar la profesionalidad de Bety, Excelente!!! Ofrecen clases con opciones grupales o individuales. Las clases de Pilates son perfectas para mejorar tu flexibilidad, fortalecer tu core y corregir tu postura; todo mientras reduces el estrés y aumentas tu concentración. ¡Es una práctica ideal para todas las edades y niveles de condición física!",,,"Lunes a viernes de 8 a. m.–12 p. m., 5–9 p. m.","9F9H+2C Buenos Aires, Cdad. Autónoma de Buenos Aires","Google maps, IG",14-09-25,,
Maximo Pilates,"Av. Juan Bautista Justo 9101, C1408 C1408AKT, Cdad. Autónoma de Buenos Aires",Versalles,,,https://www.instagram.com/maximopilates/#,8176,"4,4x34",,FOX,Tonalidades en torno al verde. Básico.,,"Hace un año: AGUANTE MAXIMO! Elegiría una y mil veces este estudio para entrenar. Hermoso lugar, ambiente y calidad de personas. Ni hablar de la limpieza, el cuidado de los elementos y la atención siempre hasta al mínimo detalle. Profesionalismo ante todo y clases más originales imposible!!!!",,,"lunes, miércoles y viernes de 8 a. m.–9 p. m. martes y jueves 5–9 p. m.",9F8M+R4 Cdad. Autónoma de Buenos Aires,"Google maps, IG",15-09-25,,
Bloom Pilates,"Cortina 2096, C1408 Cdad. Autónoma de Buenos Aires",Villa Real,1155860166,,https://www.instagram.com/somosbloompilates/#,548,"5,0x1",,Studio moderna,Básico,,,,,Lunes a viernes de 9 a. m.–8 p. m.,"9FHG+4V Buenos Aires, Cdad. Autónoma de Buenos Aires","Google maps, IG",15-09-25,,
Toulouse Pilates Colegiales,"Av. Álvarez Thomas 636 1B, C1426 Cdad. Autónoma de Buenos Aires",Colegiales,1169627399,,,,"4,3x10",,,,,Hace 5 meses: Pensé que había encontrado un buen lugar para hacer Pilates y me equivoqué. El estudio está bueno pero tienen pocas camas. Supuestamente en cada clase ibas rotando usar camas o el piso; en mi caso no tuve opción. Si te da lo mismo hacer pilates en el suelo o en camas…claramente para mí no es mismo. Solo 1 de las 3 profesoras con las que tuve clases fue excelente. El resto fueron un poco descortés y no prestaban atención si estabas haciendo bien o no los ejercicios. Espero que mis comentarios les ayuden a mejorar. Saludos,,,"Lunes a viernes de 8 a. m.–12 p. m., 5–7 p. m.","CG9X+R9 Buenos Aires, Cdad. Autónoma de Buenos Aires",,15-09-25,Datos cargados en Parque Chacabuco. Tiene 4 sedes.,
Alquimia Pilates,"C1427EDP Av Federico Lacroze, Charlone y, Buenos Aires",Chacarita,45551255,,https://www.instagram.com/pilatesalquimiachacarita/#,103,"4,7x63",http://www.pilatesalquimia.com.ar/,-,Básico. Espacio pequeño.,,"Hace 4 meses: Vengo hace dos años y siempre tengo la mejor experiencia! Super profesionales y personalizadas las clases de pilates, excelentes todas las profes",-,"Actividades orientadas al bienestar: Pilates, Gimnasia Postural, Entrenamiento funciinal y Metabólico. Atención personalizada- capacitacion continua.",Lunes a sábados de 9 a. m.–9 p. m.,"CG8X+Q2 Buenos Aires, Cdad. Autónoma de Buenos Aires","Google maps, IG, web",15-09-25,,
Espacio Mat - CLASES ONLINE de Pilates - Elongación - Yoga,"Delgado 600, C1426 Cdad. Autónoma de Buenos Aires",,1131052524,,https://www.instagram.com/espaciomat/#,5322,"5,0x7",,-,http://www.youtube.com/c/In%C3%A9sTorresCappiello,,"Hace 7 meses: Las clases de Inés son las mejores: una formación sólida e integral, una claridad en la manera de transmitir el conocimiento, y un cuidado personalizado hacia cada alumno. Con ella logré aprender a tratarme con amabilidad, paulatinamente, conociendo mis límites, explorándolos de a poco, y viendo los progresos y el bienestar que se consigue desde el primer día con sus clases. Además, como Inés tiene una formación integral, es una guía e inspiración para mi, tanto para cuidar mi propio cuerpo, como desde la parte docente. Recomiendo tomar sus clases, entregarse al proceso, y disfrutar de cada ejercicio. Gracias Ine por todo!!! Le mejor profe!","Ofrecemos bienestar para tu cuerpo y mente a través CLASES ONLINE, en vivo y grabadas. PILATES - ELONGACIÓN - YOGA – POSTURAL.",,Lunes a viernes de 8 a. m.–8 p. m.,"CG9X+XR Buenos Aires, Cdad. Autónoma de Buenos Aires","Google maps, Instagram, youtube",15-09-25,La instuctora tiene formación en danza.,
Pilates Estudio MCM,"Gral. Enrique Martínez 1190 2° C, C1426 Cdad. Autónoma de Buenos Aires",Colegiales,111526710641,,https://www.instagram.com/pilatesestudiomcm/#,236,"5,0x7",https://sites.google.com/view/pilatesestudiomcm/inicio,-,"Iluminado, pelotas malvas.",,"Hace 4 meses: Hermoso lugar te hacen sentir muy cálido, la atención personalizada para cada alumna de 10. Vale la pena","En Pilates Estudio MCM, somos un estudio especializado en Pilates Terapéutico y Métodos Conscientes de Movimiento ubicado en el barrio de Colegiales. Ofrecemos clases diseñadas a medida, respetando tu historia personal, tu cuerpo y tu manera única de sentir.Creemos en una forma de moverse que va más allá del ejercicio físico: trabajamos desde un enfoque integral que contempla lo físico, lo emocional y lo energético. Cada sesión es una experiencia profunda y personalizada, guiada con presencia, compromiso y escucha. Nuestro objetivo es acompañarte en tu proceso de transformación y bienestar, integrando técnicas que favorecen la conciencia corporal, la rehabilitación y el equilibrio interno.",,"Lunes a viernes 8 a. m.–9 p. m. sábado, 8 a. m.–12 p. m.","CGFR+HW Buenos Aires, Cdad. Autónoma de Buenos Aires","Google maps, IG, web",15-09-25,"Muy buena la web y los mensajes de las redes. La instructora tiene formación en danza. OJO, hace un trabajo serio, podríamos entrevistarla.",
Corpo método Pilates,"Virrey Olaguer y Feliú 3069, C1426 Cdad. Autónoma de Buenos Aires",Colegiales,1140784231,,https://www.instagram.com/corpo_pilates_colegiales/?hl=es#,875,"5,0x77",,P. Equipe,Tonalidades en torno al malva y azul. Básico.,,No hay recientes,,,Lunes a viernes de 8 a. m.–8 p. m.,"CGGV+X9 Buenos Aires, Cdad. Autónoma de Buenos Aires","Google maps, IG,",15-09-25,,
Alma Move It. Espacio Integral de Técnicas Corporales Conscientes,"Zabala 2945, C1426DRC Cdad. Autónoma de Buenos Aires",Colegiales,,,https://www.instagram.com/alma_move_it_espacio_integral?igsh=MThjbjhpYWVvcTFzNw%3D%3D&utm_source=qr#,2856,"5,0x53",https://almamoveit.com/,Reformer de caño,Básico,,Hace 10 meses: Hermoso lugar de pilates!! El espacio está re bien equipado. Podes hacer clases sobre mat o con equipamiento. Las profes son lo más y tienen re buenos horarios para las clases. Podes hacer grupal o individuales. Las  clases tienen distintos niveles y son muy geniales!! Noto mi progreso en todos estos meses. Soy FAN de Alma Move It,"Espacio integral de técnicas corporales conscientes. Sol Castro, nuestra directora, creó su propio método al cual llamó: El método Almi (T.C.C.)Es un método integral que combina principios del pilates clásico y contemporáneo junto a otras técnicas corporales y somáticas para ofrecer un enfoque holístico en el movimiento y la postura. Al incluir reeducación postural, stretching, elongación asistida, técnicas kinésicas y prácticas somáticas, este método encuentra mejorar la fuerza y la flexibilidad, optimizar la postura y el bienestar general de los seres.",,"Lunes a jueves de 8 a. m.–8 p. m. viernes, 9 a. m.–8 p. m.","CGGW+VQ Buenos Aires, Cdad. Autónoma de Buenos Aires","Google maps, web, IG",15-09-25,,
Gimnasia Postural Global Daniela Pérsico,"Av. Federico Lacroze 2827, C1426 C1426CQB, Cdad. Autónoma de Buenos Aires",Colegiales,111549146560,,https://www.instagram.com/gimnasiaposturalglobal_daniela/?hl=es#,542,"4,8x22",,P&P,Básico,,Hace un año: Dani es una excelente profesional. La conozco hace más de 7 años y gracias a Ella no tengo dolores de espalda. Atiende a cada uno de sus alumnos en base a la necesidad o diagnóstico. La recomiendo 100%,,,Lunes a sábados 9 a. m.–5 p. m.,CHG2+CX Cdad. Autónoma de Buenos Aires,"Google maps, IG",15-09-25,,
Gimnasio Plaza Lou,"Cdad. de la Paz 301, C1426 Cdad. Autónoma de Buenos Aires",Colegiales,1165558223,,,,"4,8x16",,,,,2 semanas atrás: Nueva Muy buena atención. Clima tranquilo para entrenar y hacer ejercicios.,,,"Martes a viernes de , 6:30 a. m.–8 p. m.","CHG5+8F Buenos Aires, Cdad. Autónoma de Buenos Aires",Google maps,15-09-25,"Está dentro de un gimnasio, no encontré IG ni web. Poca info",
Energía Vital,"Palpa 2468 6E, C1426 Cdad. Autónoma de Buenos Aires",Colegiales,1159332818,,https://www.instagram.com/energiavitalyoga/?hl=es#,7456,"5,0x31",,-,-,,Hace 5 meses: Re contenta con mis clases de pilates. Se nota que Jorge tiene mucho conocimiento y con mucha buena vibra siempre. Recomiendo,-,Yoga,"Lunes a jueves 8 a. m.–9 p. m. viernes, 8 a. m.–1 p. m.","CHH3+W5 Buenos Aires, Cdad. Autónoma de Buenos Aires","Google maps, IG",15-09-25,Es un centro de yoga.,
~KALE~ Pilates&Nutrición,"Teodoro García 2373, C1426 Cdad. Autónoma de Buenos Aires",Colegiales,1158510885,,https://instagram.com/somoskale_?igshid=MWI4MTIyMDE=,1980,"5,0x12",,FOX,"Estudio pequeño, equipado, paleta de colores en torno al azul y al beige.",,"Hace 6 meses: Kale es algo mágico, su energía su orden la luz, el perfume . Pero lo más importante es la excelencia de sus profesoras. Además de ser excelentes personas y abocadas a su tarea en todos los detalles. Amo KALE",,,,"CHJ3+9R Buenos Aires, Cdad. Autónoma de Buenos Aires","Google maps, Instagram",15-09-25,Los video que hay en Ig son del periodo de la pandemia (con barbijos),
Ampilates.estudio,"Céspedes 2438, C1426 Cdad. Autónoma de Buenos Aires",Colegiales,111564480027,,-,,"5,0x24",https://www.ampilatesdanza.com/clases,-,,,Hace un año: La mejor profesora de Pilates con la que me crucé. Es muy capacitada y profesional. Adapta los ejercicios a cada alumno y arma muy lindas clases. Sus clases me ayudaron a transitar mi embarazo óptimamente y sin dolor de espalda. Una genia!!!,"Es un espacio dedicado a Pilates Estudio, que es el desarrollo del método con la utilización de las máquinas Cadillac, Reformer, Chair, Barrel, Spine Corrector, creadas por Joseph Pilates originalmente para ayudar a corregir y mejorar los ejercicios de Pilates Mat. Cada aparato tiene características propias, que asisten o resisten por la fuerza de los resortes y poleas, ayudando a realizar con mayor facilidad aquellos movimientos que más cuestan. El método está pensado como una actividad individual y no grupal, cada persona es única y diferente, por tanto el trabajo en cada clase se realiza teniendo en cuenta las posibilidades físicas y antecedentes de cada uno. El objetivo es lograr la alineación corporal correcta, el tono muscular idóneo, la estabilidad articular y el control motor para obtener así el movimiento normal.",,"lunes, miércoles y viernes 9 a. m.–1 p. m. martes y jueves 6–9 p. m.","CHJ2+FM Buenos Aires, Cdad. Autónoma de Buenos Aires","Web, google maps, IG",15-09-25,"La dueña es Profesora Nacional de Danza Clásica y Contemporánea,instructora de Pilates Estudio.",
Vitalife Pilates,"Av. Cabildo 1182, C1426 Cdad. Autónoma de Buenos Aires",Colegiales,1173629346,,https://www.instagram.com/vitalifepilates?igsh=MTM1NW9rd2s3ZmY2OA==,,"4,6x11",,Del Rio pilates,Básico,,"Hace 3 meses: Lamentablemente pague por anticipado mi primer mes en el estudio (mayo) y ni habiendo empezado consulte una duda de la app al WhatsApp. No solo no me ayudaron sino que me contestaron pesimo, de muy mal gusto. No se quienes se creen que son para hablarle asi a un cliente que tiene una duda. No me manejo con maltratadores, asiqie cumpli mi mes y chau! Hay miles de centros donde te atienen super bien…",,,"Lunes a viernes de 8 a. m.–8 p. m. sábado, 10 a. m.–1 p. m.","CHJ2+HQ Buenos Aires, Cdad. Autónoma de Buenos Aires","Google maps,",15-09-25,El IG no abre.,
Espacio Balance,"Moldes 1596, C1426ALT Cdad. Autónoma de Buenos Aires",Colegiales,111558207836,,https://www.instagram.com/espaciobalance/?hl=es-la#,2054,,http://www.espaciobalance.com.ar/,STARKE,Tonalidades en torno al malva. Básico.,,"2 semanas atrás: Nueva: Excelentes profesores, siempre atentos a las necesidades de cada alumno. Las clases son súper completas y amenas, en un espacio muy bien equipado, cómodo y cálido. Los recomiendo siempre!",-,,"lunes, miércoles y viernes 8 a. m.–1 p. m., 3–9 p. m. martes y jueves, 8 a. m.–12 p. m., 5–9 p. m. sábado, 9 a. m.–12 p. m.","CGJV+PP Buenos Aires, Cdad. Autónoma de Buenos Aires","Google maps, IG",15-09-25,"Dupont Federico, kinesiologo osteopata, prof. educ física y yoga, entren. Natación.",
Raisa pilates,"Juan Ramírez de Velasco 1481, C1414ARC C1414ARC, Cdad. Autónoma de Buenos Aires",Chacarita,1165585287,cámara ,https://www.instagram.com/raisapilates/?hl=es-la#,1804,"4,7x19",,P&P,"Tonalidades en torno al rojo, pelotas.",,Hace un mes: Curse la formación de Pilates Reformer y quedé súper contenta. Info y consejos muy valiosos. Las profes aprovechan cada minuto del curso para brindar conocimientos y acompañar esta práctica tan completa como diversa. Gracias por esta hermosa experiencia!!,,,Lunes a viernes de 8 a. m.–9 p. m.,CH64+34 Cdad. Autónoma de Buenos Aires,"Google maps, IG",15-09-25,Ofrecen curso intensivo en pilates Reformer.,
Justa Pilates,"Av. Córdoba 6060, C1427 Cdad. Autónoma de Buenos Aires",Chacarita,,,https://www.instagram.com/justapilates?igsh=OGJ4NHZ6cG5uanF0#,339,"5,0x21",,-,"Espejos ovalados, ambiente decorado con plantas, iluminado, equipos nuevos. Amplio e iluminado.",,"2 semanas atrásNueva: Excelente lugar! Super luminoso y limpio. La profe una genia, tiene un trato muy personalizado, te guía y marca constantemente para hacer bien los ejercicios. Sin dudas un gran lugar! Estoy super enchufada con las clases",,,,"CH83+9M Buenos Aires, Cdad. Autónoma de Buenos Aires","Google maps, IG",15-09-25,Espejos ovalados. Se unió a IG en mayo de 2025,
EQUM,"Av. Córdoba 6267, C1427 Cdad. Autónoma de Buenos Aires",Chacarita,1134529204,,https://www.instagram.com/equmestudio/,2382,"4,9x34",,"Wunda chair, marca Del Rio Pilates","Básico. Pilates mat, sin reformer",,Hace 2 meses: Me encantan las clases de Dani. De toda la vida odié el deporte y nunca he durando en ningún gym y gracias a ella llevo ya un año sin faltar semanalmente a su estudio. Siempre un trato increíble y clases muuuy enfocadas en lo que necesita cada uno de sus alumnos. Se lo recomiendo a todo el mundo!,,,Lunes a viernes 8 a. m.–8 p. m.,"CH82+WP Buenos Aires, Cdad. Autónoma de Buenos Aires","Google maps, IG",15-09-25,,
Estudio Naapura,"Fraga 599, C1427 Cdad. Autónoma de Buenos Aires",Chacharita,111558095798,cámara,https://www.instagram.com/naapurapilates/#,1897,"4,8x25",,Studio moderna Pilates,Tonalidades en torno al malva. Equipado. Amplio.,,"Hace 5 meses: Estudio de Pilates decepcionante. Se supone que es un estudio especializado, pero mi experiencia en la Sala 2 fue muy insatisfactoria. La sala cuenta con solo 2 camillas para 5 personas, lo que prácticamente descarta el trabajo en camilla y lo convierte en un circuito. Para eso, prefiero ir a un gimnasio. Además, la clase se reducía a 'respirar y sentir la pelvis', sin ofrecer ejercicio real, y la profesora llega tarde a cada sesión. Espero que sean honestos con el servicio que venden y hagan los cambios necesarios para cumplir con lo que prometen. No lo recomiendo a quienes busquen un entrenamiento efectivo de Pilates.",,,"Lunes a vienes 9 a. m.–8 p. m. sábado, 9 a. m.–12 p. m.","CG8X+34 Buenos Aires, Cdad. Autónoma de Buenos Aires","Google maps, IG",15-09-25,,
ViVe!PiLaTeS Estudio,"Maure 3957, C1427 Cdad. Autónoma de Buenos Aires",Chacarita,1169475244,,https://www.instagram.com/vivepilates.ba?igsh=MWRkdTY5dTg0cjl5dw==,751,"4,7x3",,Studio moderna Pilates,"Pelotas malvas, azules y verdes, estudio pequeño, con reformer clásicos, hojitas adornan la pared.",,No hay recientes,,,"Lunes y miércoles de, 9 a. m.–9 p. m. martes y jueves 10 a. m.–8 p. m. viernes, 8 a. m.–8 p. m.","CG7X+M7 Buenos Aires, Cdad. Autónoma de Buenos Aires","Google maps, IG",15-09-25,,
Imperio Pilates Chacarita,"Maure 3998, C1427 Cdad. Autónoma de Buenos Aires",Chacarita,1156545163,,https://www.instagram.com/pilateschacarita,694,,,-,Básico,,,,Masajes y yoga,"Lunes a sábados 9 a. m.–9 p. m. domingo, 9 a. m.–5 p. m.","CG7X+G8 Buenos Aires, Cdad. Autónoma de Buenos Aires",Google maps,15-09-25,,
Estudio Core BA Pilates,"Pasco 796, C1225 Cdad. Autónoma de Buenos Aires",Balvanera,1122555108,,https://www.instagram.com/estudiocorebapilates/,1715,"4,9x37",,-,"Tonalidades malvas, pelotas grises y azules. Básico.",,"Hace 2 meses: Excelentes clases de pilates y elongación. Meli muy profesional, hace que las clases sean desafiantes y divertidas a la vez.",,Método Barre Elongación,"Lunes a jueves 9 a. m.–9 p. m. viernes, 9 a. m.–8:30 p. m. sábado, 10 a. m.–1 p. m.","9JJ3+P3 Buenos Aires, Cdad. Autónoma de Buenos Aires","Google maps, IG",15-09-25,,
PILATES 2x4,"Venezuela, Pasco y, C1096 Cdad. Autónoma de Buenos Aires",Balvanera,1161324300,,https://www.instagram.com/pilates2x4?igsh=MTl1ZTAxNDk3YnE5Yw==&utm_source=qr,592,"5,0x20",,-,Básico.,,"una semana atrásNueva: Execelente todo, la profesora, las clases personalizadas y la gente con la cual se comparte. Por mí lado la ubicación es excelente porque queda cerca de mí casa, también me encanta la onda de Pamela en las clases que hacen que vaya encantasa",,Mat y Reformer. Gimnasia postural. Stretching. Bailarina de Tango,"lunes, martes y jueves 2–8 p. m. miércoles, 9 a. m.–7 p. m. viernes, 11 a. m.–7 p. m.","9JM2+VX Buenos Aires, Cdad. Autónoma de Buenos Aires","Google maps, IG",15-09-25,,
DV-Estudio // Mariela Ruggeri,"Av. Belgrano 2888 Piso 1, C1209 AAN, Cdad. Autónoma de Buenos Aires",Balvanera,111571123219,,https://www.instagram.com/dv_estudio/,2483,"5,0x29",,-,"Armonioso, equipado, paleta de colores pastel beige, azul, blanco.",,Hace 3 meses: Atención súper buena y personalizada. Excelente lugar. Todo muy cuidado,-,Yoga | Entrenamiento Integral,"lunes, miércoles y viernes 9 a. m.–8 p. m. martes y jueves 8 a. m.–8 p. m. sábado, 9 a. m.–1 p. m.",9HPV+2J Cdad. Autónoma de Buenos Aires,"Google maps, IG",15-09-25,,
Espiral Pilates,"Riobamba 46, C1025ABB Cdad. Autónoma de Buenos Aires",Balvanera,1123876723,,https://www.instagram.com/espiral_pilates?igsh=MXVyOHVyeDRiNjcwMg%3D%3D&utm_source=qr,1427,"5,0x7",,P&P,"Reformer con lona verde, espacio equipado, amplio, iluminado.",,"Hace 4 meses: La única actividad física en la que me siento motivada a ir, veo cambios y las profes son lo más! voy hace aproximadamente 6 meses y nunca me aburro de sus clases, cada día me superó más, me siento más capaz físicamente y además en mi estilo de vida. Siempre siento que se adapta el nivel y los ejercicios para que siempre se progrese, nada más que cosas buenas puedo decir, gracias!!!",,,"Lunes a jueves, 8 a. m.–9 p. m. viernes, 8 a. m.–12 p. m., 3–9 p. m. sábado, 10 a. m.–1 p. m.","9JR4+GH Buenos Aires, Cdad. Autónoma de Buenos Aires","Google maps, IG",15-09-25,,
Nanai Pilates,"Lavalle 3161, C1190 Cdad. Autónoma de Buenos Aires",Balvanera,1130517073,,https://www.instagram.com/nanaipilates,344,"5,0x26",,P&P,"Básico, paleta de colores rosa pastel, azul.",,"Hace 4 meses: Los profes son lo mas, fui con una dolencia en un hombro y supieron acompañarme para ir mejorando. No solo suma lo lindo del lugar, sino la ubicación super cómoda. Muy recomendado!!!!",,,"lunes, miércoles y viernes 5–9 p. m. martes y jueves 8 a. m.–12 a. m.","9HXQ+4Q Buenos Aires, Cdad. Autónoma de Buenos Aires","Google maps, IG",15-09-25,,
Estudio de Pilates Diem,"Castro 662, C1217AAD Cdad. Autónoma de Buenos Aires",Almagro,111530750662,,https://www.instagram.com/pilatesdiem/#,329,No tiene,,"P(B)ylive.com.ar, buscar esta marca","Tonalidad verde. Naturalista. Pared con hojas, ramas dibujadas. Armonioso.",,No tiene,,,"lunes, miércoles y viernes 4–8 p. m. martes y jueves, 9 a. m.–12 p. m., 4–8 p. m. sábado, 9 a. m.–1 p. m.",-,"Google maps, IG",16-09-25,Se unió a IG en marzo del 2025. ¿Es nuevo?,
Fluxus Pilates,"Quito 3886, C1212 Cdad. Autónoma de Buenos Aires",Almagro,1136781859,,https://www.instagram.com/fluxuspilates/,621,"4,9x73",,Studio moderna,"Básico, 4 reformers. Pelotas rojas, accesorios. Iluminado.",,"Hace 3 meses: Hermoso espacio, muy bien cuidado y acogedor. Se nota la dedicación y el esfuerzo puestos en cada detalle. Los profesores que me han tocado, siempre muy cálidos y con buenas formas para guiarnos durante la clase. Estoy muy contento con Fluxus, lo recomiendo.",-,,"lunes, martes, miércoles y viernes 8 a. m.–9 p. m. jueves, 7 a. m.–9 p. m. sábado, 8 a. m.–1 p. m.","9HMH+7F Buenos Aires, Cdad. Autónoma de Buenos Aires","Google maps, IG",16-09-25,Es un profe.Lic. Federico Bagnato,
F&S pilates STUDIO,"Castro Barros 50, C1178AAB Cdad. Autónoma de Buenos Aires",Almagro,111562520344,fspilatesstudio@gmail.com,https://www.instagram.com/fspilatesstudio/?hl=es-la#,2019,"4,2x19",,Studio moderna,"Equipado, con puerta a calle. Diseño básico.",,"Hace 3 meses: No tuve una buena experiencia, fui varios meses. Las camas y el lugar están bien pero es caro en comparación a otros estudios de la zona con la misma infraestructura. Las profesoras tienen mucha mala onda. Pareciera que no quieren dar clase. O que les molesta que estés ahí. Las clases son siempre iguales, muy rutinarias y aburridas. También me pasó dos veces que me cambiaron los horarios de las clases y cuando llegué no había camas disponibles y ni me dejaron pasar. No lo recomiendo para nada. Mucho destrato.",,,"lunes, miércoles y viernes 7 a. m.–3 p. m., 4–9 p. m. martes y jueves de 8 a. m.–1 p. m., 4–9 p. m. sábado, 9 a. m.–1 p. m.","9HQH+4P Buenos Aires, Cdad. Autónoma de Buenos Aires","Google maps, IG",16-09-25,,
Holística Yoga & Pilates,"Virrey Liniers 71 piso 5 depto F, C1174 Cdad. Autónoma de Buenos Aires",,,,https://www.instagram.com/holistica.yoga.pilates/#,1648,"4,9x63",,Studio Moderna,Básico,,"Hace 4 meses: Jesi es una profe súper profesional. Todos los días te pregunta cómo te sentis, si hay partes del cuerpo que molestan y si es así las trabajamos en clase. Nos da una explicación para todo! Hace muchos años la conozco y siempre trabajo así! Gracias Jesi por curar mis dolores!",-,Holística Studio I Clases personalizadas ~ Clases de Hatha Yoga & Yoga Suave ~Pilates Reformer & Pilates Circuitos ~ Meditación mindfulness,"lunes, 3–7 p. m. martes, 8 a. m.–8 p. m. miércoles, 1–7 p. m. jueves, 8 a. m.–5 p. m. sábado, 10 a. m.–2 p. m.","9HQM+8P Buenos Aires, Cdad. Autónoma de Buenos Aires","Google maps, IG",16-09-25,,
Zentir Pilates Reformer,"Av. Díaz Vélez 3916, C1200 Cdad. Autónoma de Buenos Aires",Almagro,1132794111,,https://www.instagram.com/zentirpilates?igsh=MXc2eGVhNzM0MnRsbw==,776,"5,0x17",,Studio moderna Pilates,Básico,,"Hace 7 meses: Las clases son espectaculares! Siempre diferentes, elementos muy variados. Lxs profes muy detallistas y responsables con las indicaciones y correcciones. El espacio es amplio y súper cómodo.",,,,"9HRH+G8 Buenos Aires, Cdad. Autónoma de Buenos Aires","Google maps, IG",16-09-25,,
La Pilateria de Almagro,"Bulnes, Sarmiento y, C1197 Cdad. Autónoma de Buenos Aires",Almagro,1170587356,,https://www.instagram.com/lapilateria.almagro?igsh=eWpxaTJuMm54eTdl,585,"4,7x15",,LIFEPILATES,Básico.,,"Hace 3 meses: Excelente lugar y profesionales. Encontré el espacio ideal para entrenar y cuidarme! Empecé con Mica, una genia, que me desafía clase a clase un poco más , además es muy profesional! Sume un día más con Virgi y también, buenísima como profe y cálida también! Se nota la dedicación de ambas. El estudio está súper equipado y las clases son súper dinámicas. Desde que empecé me siento mucho mejor! Muchas gracias",,,Lunes a viernes de 8 a. m.–12 a. m.,"9HVJ+VM Buenos Aires, Cdad. Autónoma de Buenos Aires4","Google maps, IG",16-09-25,,
Armonía's pilates,"Av. Medrano 525, C1179 Cdad. Autónoma de Buenos Aires",Almagro,1148626849,,https://www.instagram.com/pilates.armonias/?hl=es-la,1536,"4,5x42",,-,"Básico, colorido.",,4 semanas atrás: Nueva: Los profesores son buenos. Dejé de ir porque por las mañanas la dueña se pasaba charlando con el profesor durante la clase. Lo consideré una falta de respeto.,,,"Lunes a viernes de 8 a. m.–9 p. m. sábado, 10 a. m.–1 p. m.","9HWH+6H Buenos Aires, Cdad. Autónoma de Buenos Aires","Google maps, IG",16-09-25,Publicaciones de la pandemia…,
Pilates funcional by Gi,"Sánchez de Bustamante 543, C1418 Cdad. Autónoma de Buenos Aires",Almagro (está dentro del ABASTO),1164852523,,https://www.instagram.com/pilatesfuncional.bygi?igsh=bjBnejVrbHBqbDg2,1553,"5,0x69",,P&P y Del Rio pilates,Básico,,"una semana atrás: Nueva Si tenes ganas de entrenar con intensidad, éste es tu lugar. Las clases de Gi, son poderosas!! Ademas te vas a sentir muy cómoda porque Gi es super amorosa y por sobre todas las cosas, va a estar atenta a tus necesidades. Si tenes alguna sensibilidad en alguna zona en particular, ella va a darte los ejercicios justo para vos, cuidandote. Vení y probá.....no te vas mas.",,,Lunes a viernes de 9 a. m.–8 p. m.,"9HWP+H7 Buenos Aires, Cdad. Autónoma de Buenos Aires","Google maps, IG",16-09-25,,
Juan Sosa Pilates Estudió,"Av. Corrientes 3859, C1194 Cdad. Autónoma de Buenos Aires",Almagro,1128701432,,https://www.instagram.com/juansosapilates?igsh=dTh5OXkxdmtqcmN4,314,"5,0x15",,-,Básico. Tonalidades en torno al malva.,,"Hace un mes: Es EL lugar para ir si tenés ganas de ejercitarte pero además pasar un momento divertido y distendido! Lo súper recomiendo, aguante el profe Juan!",,,,"9HWJ+MG Buenos Aires, Cdad. Autónoma de Buenos Aires",,16-09-25,El instructor es un profe joven.,
KUYÉN CLUB | PILATES REFORMER HIPFF | ENERGÍA Y MOVIMIENTO QUE TRANSFORMA,"Estado de Palestina 642, C1195 Cdad. Autónoma de Buenos Aires",Almagro,1122536929,,https://www.instagram.com/kuyen.pilates/?hl=es-la#,16 mil,"4,7x28",,Studio Moderna Pilates a,Básico,,"Hace un año: No tuve buena experiencia. Piden buena onda a los alumnos pero el profesor no le pone onda a nada, no explica bien los ejercicios, no se importa con los límites individuales y no mira mientras lo ejecutamos. Ya hice pilates en varios lugares y nunca vi tanta desatención con el cliente. No volveré.",,,Abierto las 24 horas,"9HWF+GH Buenos Aires, Cdad. Autónoma de Buenos Aires","Google maps, IG",15-09-25,,
Chysalis,"Humahuaca 3707 Depto. 1, C1176ABC Cdad. Autónoma de Buenos Aires",Almagro,1154257413,almagropilates.chysalis@gmail.com,https://www.facebook.com/p/Almagro-Pilates-Chysalis-Image-Group-100054237230161/?locale=es_LA,,"5,0x19",,-,Básico. Colorido.,,No hay recientes,"Almagro Pilates Chrysalis, nace en el 2010, creado por la prof. Carla Grandile con más de 24 años de experiencia en el dictado de clases y capacitaciones dentro del ámbito del fitness y la salud corporal dentro de nuestro país y en el exterior.",,"Lunes a viernes de 8 a. m.–12 p. m., 4–9 p. m.","9HXM+48 Buenos Aires, Cdad. Autónoma de Buenos Aires","Google maps, IG",16-09-25,Ofrecen instructorado intensivo. Ojo. 2021.,
Casa Encuentro - Pilates & Flex,"Mario Bravo 812, C1175 Cdad. Autónoma de Buenos Aires",Almagro,1136271990,,https://www.instagram.com/casaencuentro.ba/,1452,"5,0x24",,-,Básico,,"Hace 4 meses: Excelente. Las profes son puntuales, exactas, profesionales, innovan ejercicios clase a clase... Es todo lo que puedo desear de mi clase de Pilates! Gracias!",Se presenta como pilates fusión.,,"lunes, 6–9 p. m. martes, 8–10 a. m., 6–9 p. m. miércoles, 5–9 p. m. jueves, 8–10 a. m., 5:30–8:30 p. m. viernes, 4–8 p. m. sábado, 11 a. m.–1 p. m.","9HXM+WG Buenos Aires, Cdad. Autónoma de Buenos Aires","Google maps, IG",16-09-25,,
Pilates Home,"Billinghurst 986, C1711 Cdad. Autónoma de Buenos Aires",Almagro,1123963847,,https://www.instagram.com/pilateshome_/?hl=es#,5502,"4,3x26",,Studio moderna,Básico. Colorido.,,"Editado Hace 2 meses: Comence este mes en pilates home, me encantan sus clases, los profes cambian de acuerdo al horario, tienen una app. Para aplicar a tus horarios, los cuales podes cambiar con 6 hs de anticipacion sin perder la clase, me gustaron mucho las clases tuve con Sol , Tami, y Fede. Para recomendar son puntuales y muy bien dictadas, estan bien ubicados, todo muy cute, los profes muy preparados and buena onda. Tienen sucursal en riobamba tb.",,,"Lunes a viernes, 8 a. m.–9 p. m. sábado, 10 a. m.–1 p. m.","CH2P+P3 Buenos Aires, Cdad. Autónoma de Buenos Aires","Google maps, IG",16-09-25,Tiene dos sedes: Almagro y Recoleta.,
Espacio GUD Pilates,"Navarro 4952, C1419",Villa Devoto,54 011 15-5857-8197,,https://www.instagram.com/espaciogud,5518,"5,0x30",,-,"Tonalidades grises (pelotas), box color carne, matices verdes. En Instagram predomina colores pastel.",,"hace 5 días: Realmente excelente. Las Profesoras geniales, exigentes y respetuosas, muy profesionales.Hace 6 meses: Hermoso lugar! Las camas un 10 y las clases de Vero la rompen. Las profes re calidas Son clases bastante power. Hace un año: El lugar excelente, te sentis muy cómodo. La calidad y buena onda de las profes es ideal, super recomendable!!",,,"Lunes, 8 a. m.–1 p. m., 4–9 p.m. Martes, 8 a. m.–1 p. m., 3–9 p. m. Miércoles, 8 a. m.–1 p. m., 4–9 p.m. Jueves, 8 a. m.–1 p. m., 3–9 p. m. Viernes, 8–11 a. m., 4–8 p. m.","9FQH+VQ Buenos Aires, Cdad. Autónoma de Buenos Aires","Google maps, IG",21-07-25,,
Pilates House Studio,"Bermúdez 3172, C1417",Villa Devoto,54 0111525303172,,https://www.instagram.com/pilateshousedevoto,1175,"4,5x23",https://linktr.ee/pilateshousestudio,-,"Tonalidades color rosa (pastel y brillante), pelota, aros, mat, deslizantes",Siguefit,"Hace un mes: Todo excelente! Empecé hace 3 meses y la verdad quiero destacar no solo a las profesoras sino también el lugar. Las máquinas están completas, limpias y todas con los elementos necesarios. Además que las clases son siempre muy dinámicas. Muy recomendable el lugar. Hace un mes: Pésimo trato, NO elijan este lugar. Hace 11 meses: El lugar es precioso… impecable y muy acogedor .. las profes un amor todas…Súper recomendable…","Nuestra propuesta se basa en brindarte una clase variada y dinámica cada día. Para ello incorporamos al reformer, otros equipos y disciplinas con el objetivo de trabajar tus habilidades de forma integral y que puedas desafiar tus capacidades gradualmente. Nuestras clases son multinivel y en grupos reducidos asi cada alumno/a puede ir a su ritmo.","Estudio de pilates fusión. Reformer, Mat, Circuito y Método Barre. Clases multinivel. Grupos reducidos","Lunes, 8 a. m.–12 p. m., 3–8 p. m. Martes, 8 a. m.–12 p. m., 4–8 p. m. Miércoles, 8 a. m.–12 p. m., 3–8 p. m. Jueves, 8 a. m.–12 p. m., 4–8 p. m.Viernes, 8 a. m.–12 p. m., 3–8 p. m. Sábado, 9 a. m.–1 p. m.",,,16-09-25,,
Studio AC_ Pilates Reformer,"Baigorria 5211, C1417",Villa Devoto,54 01169152420,,ttps://www.instagram.com/andy_pilates/,1362,"4,9x52",https://wa.link/blb5x4,,,,"Andrea es una profesora excelente, muy profesional y atenta!Las clases son personalizadas, las profes la tiene re clara.Hace poco que empecé, pero Andrea te hace sentir muy cómoda enseguida",,,"Lunes a Viernes, de 9:00 am a 8:00 pm",,,16-09-25,Técnica Radiología. UBA. Fisioterapeuta. Instructora de Pilates desde 2007. Directora del ACPilates. 2009.,
Estilo Devoto Pilates,"Devoto Plaza., Nueva York 4144 Local 27, C1419HDT",Villa Devoto,011 7369-3782,,,,,,,,,,,,,,,,,
G Pilates Studio,"Comuna 11, Av. Francisco Beiró 3420, C1419HYV Cdad. Autónoma de Buenos Aires",Villa Devoto,111540820626,,https://www.instagram.com/g.pilatesstudio?igsh=NzFycDdnZnY2ejV6,325,"5,0x3",,-,"Básico. Espacico pequeño, dos reformers,",,"Hace 2 meses: Empecé hace un mes. Jamás había hecho pilates, pero me encantó. El profe me motivo tanto que ahora además de pilates, sumé thermobike y funcional.Hace un mes:Mi lugar en el mundo ....!",,"Nueva incorporación: Sesiones de MASAJES. Descontracturantes, Relajantes, Maderoterapia, Drenaje Linfático manual. Con un THERMOBIKE",,,,,,
Sandra Martínez Auténtico Pilates,"Campana 3263, C1417 Cdad. Autónoma de Buenos Aires",Villa del parque,1169541701,auténtico pilates,https://www.instagram.com/sandramartinez.studio/?hl=es,12.3 mil ,"4,8x21",https://sandramartinezstudio.com/,-,"Tonos claros, color madera,",,"Hace 10 meses: 100% comercial, 0 orientación al cliente. Pésima experiencia. Me he ido con dolor de ciático y rodillas teniendo que cancelar las siguientes clases y no te permiten recuperar pendientes ni aún pasándote 2 días a menos que vuelvas apagar un abono que no podes tomar por falta de disponibilidad de tiempo. Hace 3 años: No solo las clases son excelentes sino que cada uno de les instructores que me tocaron fueron super respetuosos, atentos, creo que es de los mejores lugares adonde hice pilates. Muy recomendado",,,,,,,,
Fit Studio Pilates,"Av. Lope de Vega 2895, C1417 Cdad. Autónoma de Buenos Aires",Villa Devoto,1136922354,,https://instagram.com/fitstudio.devoto?igshid=YmMyMTA2M2Y=,1398,"5,0x14",,-,"Tonalidades negras, grises, y para identificativo - salmón claro",,"2 semanas atrás: Pase por varios sitios de pilates por Devoto, pero Anto hace la diferencia tiene una calidez única ,mucha paciencia y lo mejor mucho humor. Voy con mucho entusiasmos cada clase y no soy entusiasta del deporte. Un lugar que te desenchufa de la rutina y el caos. Hace 7 meses Excelente clima!! La profe es una genia, me tiene mucha paciencia porque soy principiante. Realmente da gusto ir!!","En FIT STUDIO se trabaja en grupos reducidos de un máximo de 4 personas .En cada clase se fusionan pilates reformer , aereo , streching y funcional. Adaptamos las clases a las características de cada persona.Se realizará una valoración inicial. (Clase de prueba ) En ella, se busca conocer el estado físico de la persona y las patologías previas, así como enseñar los principios básicos del método Pilates, a partir de los cuales poder progresar con seguridad y sin riesgo de lesión.",PILATES FUSIÓN,"De Lunes a Viernes, 9:00 am a 8:00 pm.",,,,,
Move Pilates Devoto,"Av. Francisco Beiró 4492, C1419HZT Cdad. Autónoma de Buenos Aires",Villa Devoto,1135111020,,https://www.instagram.com/movepilatesdevoto/?hl=es-la#,5072,,,-,"Tonalidades verdes, bordeau en camillas,box, pelotas grises y verdes. Diseño minimalista. Logo y lámparas naranja",,"Hace un mes: Muy mala experiencia. Cero profesionalismo de la profesora Emilse, cuando te equivocas en algún ejercicio lo dice de muy mala forma que lo estás haciendo mal. Tuve que dejar de ir, ya que cuando comenté lo sucedido, no hicieron nada. Mi madrina y prima el año dejaron de ir por esta misma profesora, se quejaron al igual que yo y ni se molestaron en que cambie esos modos que tiene. Una lastima! 4 semanas atrás: Lamentable experiencia tuvimos con mi hija, con la profesora Emilise, recibimos malos tratos de parte de ella reiteradamente en las clases y cuando hicimos el reclamo no recibimos ninguna rta más que darnos cuenta que en ese estudio son todos cómplices. Si quieren recibir un destrato pueden ir!! Hace 8 meses: Ambiente super calido, la Profe siempre atenta a como hacia los ejercicioa, me gusto el espacio amplio y cant de elementos para ejercitar para que no sea monótona !!","Únicos estudios de pilates en Devoto donde podes combinar clases. No tenes excusas, 12 clases por día en cada estudio: Beiro 4492 y Sanabria 2702. Te esperamos.",,"lunes, 8 a. m.–12 p. m., 1:30–10 p. m., martes, 8 a. m.–12 p. m., 2–10 p. m. miércoles, 8 a. m.–12 p. m., 1:30–2:30 p. m., 5–10 p. m. jueves, 8 a. m.–12 p. m., 2–10 p. m. viernes, 8 a. m.–12 p. m., 1:30–9 p. m. sábado, 9 a. m.–1 p. m.",,,17-07-25,"Tiene 4 Sucursales: Beiró y Sanabria. Avenida Francisco Beiro 4492 - Sanabria 2702, Villa Devoto, Buenos Aires, Argentina 1419. Belgrano, Urquiza",
Espacio Haya,"San Nicolás 4226, C1419AVR C1419AVR, Cdad. Autónoma de Buenos Aires",Villa Devoto,111564193491,,https://www.instagram.com/espaciohaya/#,297,,espaciohaya@gmail.com,-,"Ambiente naturalista. Tonalidades pastel verdes y madera el studio, rosa y azul Instagram.",Siguefit,"“Pilates, yoga y hasta baile — todo en un mismo lugar.Las camas son nuevas, el estudio súper moderno y lo mejor: ¡hasta podés bañarte después de entrenar!”",-,"Pilates Reformer y Mat, hasta Yoga terapéutico, Fit Barre, TRX y más, tenemos una opción ideal para vos.","lunes, 9 a. m.–12 p. m., 5–8 p. m. martes, 9 a. m.–12 p. m., 5–8 p. m. miércoles, 9 a. m.–12 p. m., 5–8 p. m. jueves, 9 a. m.–12 p. m., 5–8 p. m. viernes, 9 a. m.–12 p. m., 5–8 p. m.",,"Google maps, IG",17-07-25,Abrieron febrero de 2025,
Espacio TransforMar,"Habana 3567, C1419GQC Cdad. Autónoma de Buenos Aires",Villa Devoto,111566825166,,https://www.instagram.com/transformar_marpilates/#,1366,"4,4x42",,-,,,"“Destaco el sistema de turnos mediante la app, es muy fácil y práctico”. ""La mala onda que tienen para atender es increíble”. ""Las clases son increíbles, las profesoras atentas y dedicadas.""","Somos un estudio de Pilates con 25 años en la zona de Villa Devoto, comprometidos en ayudarte a mejorar tu bienestar, tonificar tu cuerpo y aumentar tu flexibilidad en un ambiente acogedor y profesional. Contamos con instructores certificados y clases personalizadas para todos los niveles.",PILATES SPRINGBOARD (No usamos camillas) YOGA Holístico,Lunes a viernes de 8:00 am a 8:00 pm. Sábados 10:00 a- 12:00,,,18-07-25,,
Inspiración Pilates Villa Devoto,"Tinogasta 5300, C1417 Cdad. Autónoma de Buenos Aires",Villa Devoto,1167441390,,https://www.instagram.com/inspiracionpilatesdevoto/,4953,"4,8x43",,-,En Ins color fucsia y blanco. En local combinan el negro con el bordeaux-rojo (box),,Excelente lugar para hacer 100% pilates. Andre es lo más! Super técnica y profesional sin perder la calidez y la amorosidad. Dedicada a cada una de sus alumnas para ayudarnos a mejorar y progresar.,"Una Experiencia de Transformación Total! Menos Pose, más Acción!Clases de Alto Rendimiento. Con Refo y Todos los Equipos del System.",,De lunes a viernes de 8 a. m.–8 p. m. Sábado de 8:00 am a1:00 pm.,-,"Google maps, IG",18-07-25,"Te prepara para entender el pilates: “Viste cuando escuchas ""Cerra las Costillas"" ""Baja la Cintura Escapular"", ""Acerca los Isquiones""😳 y vos pensas ... eso Se Hace o Se Come?Ya No Más! Desde el *Lunes 17 de Marzo* Arrancamos con Pilates desde las Bases*, Incluyendo lo Prepilates*, que son Ejercicios del repertorio para Organizar el Cuerpo, a los cuales le vamos *Incorporando por Etapas Semanales y Nivel de Dificultad*, todos los *Ejercicios Base* [los más desafiantes] del Refo, Mat y System [trabajas todos los equipos del método].",
Espacio Infinito Yoga y Pilates,"Simbrón 5178, C1417 Cdad. Autónoma de Buenos Aires",Villa Devoto,1132944985,,https://www.instagram.com/espacioinfinitoyogaypilates/,2895,"5,0x76",,-,El local básico. Colorido logo Instagram.,,"Hace un mes: Un espacio con una energía hermosa. La profe Guada una dulce, atenta siempre a las necesidades de cada alumna, te hace trabajar hasta las pestañas pero con una sonrisa en la cara. Empecé en Febrero y acá sigo, porque gusta =). Hace un mes: Hace 10 meses que asisto a las clases de Pilates con Guada, es una profe atenta a las necesidades de cada alumno, sus clases son dinámicas y divertidas. Yo me siento muy cómoda en Espacio Infinito",Pilates Funcional! Todo lo que necesitas en una sola clase,"Pilates Funcional -Yoga - Kurunta Columpio – Talleres, Clases Grupales y Personalizadas","lunes, 8:30 a. m.–7 p. m. martes, 8 a. m.8 p. m.miércoles, 8:30 a. m.–7 p. m. jueves, 8 a. m. 8 p. m.viernes, 8:30 a. m.–8 p. m.",-,"Google maps, IG",18-07-25,,
Alais Pilates,"Joaquín V. González 5094, C1674 Cdad. Autónoma de Buenos Aires",Villa Devoto,1155233540,,https://www.instagram.com/alai.pilates/,272,"5,0x8",,-,"Luces en el local azules, diseño básico. Instagram marco colorido.",,"Me encanta Alai ! Todas son súper atentas y te hacen sentir cómoda desde el primer día. Es un espacio muy acogedor, da ganas de ir y siempre salgo renovada , son súper atentas con cada alumna . Las profes son muy atentas, las clases dinámicas y hay buena onda siempre",,,"De Lunes a viernes de 8 a. m.–7 p. m. sábado, 9 a. m.–12 p. m., 4:30–7:30 p. m",,"Google maps, IG",18-07-25,,
Fullfit,"Av. Salvador María del Carril 2538, C1419 Cdad. Autónoma de Buenos Aires",Villa Pueyrredón,1149163337,,https://www.instagram.com/full.fit.ok/?hl=es-la#,"13,3 mil","4,7x91",https://fullfit.com.ar/,-,Tonalidades pastel en torno al rosa y al azul turquesa.,,"Full Fit es todo eso y más, un lugar con la mejor onda y entrenos increíbles. ¡Gracias por bancarnos siempre! Hace 5 meses.Está aumentando muy seguido y un 15% con una inflación de 3%. Cuando uno se va de vacaciones deberían respetar los horarios en vacaciones y solo liberarlos en las clases qué una avisa que no va a estar. Las profesoras son excelentes.","Luego de 19 años ininterrumpidos, gracias a la confianza y compañía de quienes nos siguen día tras día, en 2018 le dimos vida a “Full Fit”, embarcandonos en este proyecto familiar que es un sueño logrado después de mucho sacrificio, dedicación, búsqueda y perseverancia por el cual apostamos para seguir compartiendo y expandiendo nuestra pasión por la actividad física, la salud y el amor propio en un entorno de familia y amistad.","Pilates mat y reformer, método barre, yoga, fitness grupal","De Lunes a viernes de 8 a. m.–9 p. m. Sábado, 8 a. m.–1 p. m.",,"Página Web, google maps, instagram",19-07-25,Se presenta como un Gimnasio Boutique,
Muévelo Pilates,"Nogoyá 3668, C1417FNR Cdad. Autónoma de Buenos Aires",Villa del Parque,1154680756,,https://www.instagram.com/muevelo.pilates#,1816,"4,9x71",,,"Tonalidades en torno al azul intenso (pelotas) y el amarillo (paredes), mismas tonalidades en Instagram.",,"Hace 2 meses: Pilates… no es siempre los mismos ejercicios en el reformer! Y eso lo entendí con tus maravillosas clases Clau! En breve retomo. Hace 3 meses: Las mejores clases de pilates de Villa del parque !!! Destaco la excelencia de la profesora, el lugar es hermoso , súper recomendable !!!",-,"TRX, Reformer, equilibrio, bandas, pilates en circuito, pilates para embarazadas,","De lunes a viernes de 8 a. m.–9 p. m. sábado, 8 a. m.–1 p. m.",,Google maps Instagram,19-07-25,Desde mayo 2019. Mensajes ingeniosos e informativos en las redes,
Ganesha pilates,"Cuenca 3163, C1417 Cdad. Autónoma de Buenos Aires (Calle 850 N° 225, San Francisco Solano 1881)",Villa del Parque,1139010879,,https://www.facebook.com/ganesha.pilates.3/,,"4,7x14",,-,Básico. Mucho TRX (suspensión Training),,"3 semanas atrás: Excelentes profes, muy profesionales. Las clases son completas, entretenidas y van variando los ejercicios constantemente. Siempre aprendés algo nuevo y salís sintiéndote mejor de lo que entrás. Gracias",-,Bungee workout. Suspensión training. Pilates Reformer. Complemento con Maquinas.Exclusivo mujeres.,"De Lunes a viernes de 8 a. m.–12 a. m. sábado, 9 a. m.–1 p. m.",,,"Google maps, IG",19-07-25,
Calupi Estudio,"Baigorria 3765, C1417 Cdad. Autónoma de Buenos Aires",Villa del parque,1123553293,,https://www.instagram.com/calupi.estudio/#,,"5,0x57",,-,"Colorido Instagram. Studio con diseño básico, combina gris (pelotas) , negro box y luces rosas-malvas.",,"Hace 3 meses: El mejor lugar para hacer pilates en CABA. Llevo ya 3 años yendo, las profes son súper cuidadosas con vos, de que hagas la técnica bien para evitar lesiones. Hace un mes: Calupi es EL lugar. Después de buscar mucho un lugar para moverme, encontré un estudio donde no solo logré ser constante, sino que también vi resultados reales.","En Calupi Estudio, rompemos todos esos mitos y te mostramos lo que es el PILATES para nosotras Con elementos,variantes funcionales,combinaciones de técnicas, clases más intensas e integrales” Instagram. “Esto NO es el pilates clásico que te aburre.  Es PILATES POWER: más fuerza, más intensidad, más integral. Si querés entrenar en serio, sentir tu cuerpo fuerte y ver resultados",Pilates para embarazadas,"De lunes a viernes de 9 a. m.–1 p. m., 4–9 p. m. Sábado, 10 a. m.–1 p. m.",,,"Google maps, Ig",19-07-25,Desde Diciembre de 2021.
PILATES AROHA VILLA DEL PARQUE,"Argerich 3023, C1417 Cdad. Autónoma de Buenos Aires",Villa del Parque,1144481880,estudioaroha@gmail.com,https://www.instagram.com/pilatesaroha/?hl=es-la#,3521,,,,Combinación de grises (pelotas) y negro.,,,"Aroha es un estudio de pilates donde las clases se adaptan al alumno brindandole bienestar físico y metal. Practicar el método pilates logra en el cuerpo mejorar la postura, la flexibilidad, tonicidad, elongacion, concentracion y equilibrio.",,"De Lunes a viernes de 8 a. m.–9 p. m. Sábado, 8 a. m.–1 p. m. Horarios Aroha – Villa del Parque & Núñez De lunes a viernes: 08.00 a 14.00 hs 15.00 a 21.00 hs",,"Google maps, face, Ig",19-07-25,"Pilates Reformer sedes: Núñez (Núñez 2396), Villa del Parque(Argerich 3023), Since 2021",
Danez Pilates & Funcional,"Sede: Cuenca 2118, sede: Campana 1644, 1417 Buenos Aires",Villa del Parque,115146355,danezpilates@gmail.com,https://www.instagram.com/daneztraining/?hl=es#,7537,"5,0x 392",,-,"Básico, estudio con paredes color azul, pelotas, pesas",,"Hace 4 meses: Excelente. He ido por tandas, no de manera frecuente por temas personales. Siempre me reciben de 10. Cada una de las profes tiene su estilo y está bueno probar con todas. El espacio es seguro y confortable. Recomiendo. Hace 4 meses: Empecé hace 3 meses por recomendación médica y llegué allí por mi hija que va hace 2 años. No me pierdo una sola clase. Las profes son súper profesionales y dedicadas con cada uno, el ambiente es muy ameno y cuidado. Súper recomendable.",-,"Pilates funcional, training con pesas, mancuernas…",,,"Google maps, IG",20-07-25,Desde marzo de 2016. Tiene dos sedesg,
Casa Dynamo Pilates,"Juan Agustín García 2400, C1416 Cdad. Autónoma de Buenos Aires",Villa Del Parque,1169575466,,https://www.instagram.com/casadynamopilates/#,2470,"5,0x14",,-,"Estudio básico, pelotas de colores",,"Una semana atrás nuevos: Los profes están atentos a los detalles en las clases. Se nota que saben lo que están haciendo y la calidez y buena onda con que se entrena hacen que se pueda sostener la actividad con entusiasmo. Busque en otros estudios de pilates pero volví a Casa Dynamo. Para mí son los mejores! una semana atrás Asisto al espacio desde el mes de abril y fue un antes y un después. Las clases con seba son super dinámicas, claras. Aprendí mucho sobre anatomía, posturas, balance de fuerzas y música! El lugar tiene una magia propia, los elementos de buena calidad y un clima hermoso.",-,Pilates circuito,"De Lunes a viernes, 9 a. m.–9 p. m.",-,"Google maps, IG",20-07-25,"Abrieron diciembre de 2014.Ofrecen un instructorado y cursos: ¡Comienza el Instructorado!Estas a tiempo de sumarte.Es una formación completa, teórica y práctica. Está dividida en módulos, por niveles y equipos.Podes deslizar las imágenes y ver todas las fechas .Es presencial y el cupo es limitado",
Pilates Más Actividad sucursal Villa del Parque,"Comuna 11, Av. Nazca 2396, C1416 Cdad. Autónoma de Buenos Aires",Villa del Parque,1156561544,,https://www.instagram.com/pilatesmasactividad/?hl=es#,1795,"5,0x82",,-,"Básico, colorido",,"Hace un mes: Excelente centro de pilates. Los dueños un 10. Y las profes excelentes todas. Se preocupan mucho por las afecciones o dolencias de cada uno y cuidan mucho que nadie se lastime, algo muy importante para mí. También está súper limpio y prolijo, lo que da mucha tranquilidad, las máquinas las mantienen siempre en excelente estado. Todo un 100 para mí",-,Ofrecen Cursos y Workshops!!,"De lunes a viernes, 8 a. m.–9 p. m. sábado, 9 a. m.–9 p. m.",,"Google maps, IG",20-07-25,Abrieron julio de 2022. Pilates Más Actividad. Sucursal Villa del parque 1156561544 Sucursal Recoleta 1123474694 Marcelo Torcuato 1381 PilatesMasActividad: Pilates reformer Cursos,
Flow Pilates Estudio,"Empedrado 2449, C1417 Cdad. Autónoma de Buenos Aires",Agranomía,1150084294,,https://www.instagram.com/pilatesflowestudio/#,577,"5,2x42",,-,"Paleta de azul turquesa en Instagram,  pequeño estudio es departamento. Dos reformer (no de manera),",,"Una semana atrás: El estudio de Eve es una experiencia transformadora con una profesora que es, sin duda, una genia. Desde el primer momento en que entras a su clase de Pilates no solo domina la técnica, sino que tiene un don único para transmitirla. Su conocimiento anatómico es impresionante, y cada corrección que hace es precisa y personalizada, adaptándose a las necesidades de cada alumno sin perder de vista el grupo. 2 semanas atrás: Las clases con Eve son increíbles !! La dedicación que le pone en cada clase y la buena energía en el estudio me encanta. Recomiendo mucho el espacio.","Studio de Pilates Auténtico Clases presenciales y onlinegrupales/privadas Agronomia, CABA",,De lunes a viernes de 8 a. m.–8 p. m.,,"Google maps, IG",20-07-25,La instructora – dueña es bailarina y cantante,
CONSCIOUS STUDIO PILATES,"Pedro Lozano 3082, C1417 Cdad. Autónoma de Buenos Aires",,1168025106,,https://www.instagram.com/conscious.studio.pilates/#,794,"5,0x2",,-,Básico,,,En Conscious no venís a “quemar” Venís a entender tu cuerpo.,,"De lunes a viernes 8 a. m.–9 p. m. sábado, 10 a. m.–1 p. m.",,"Google maps, IG",20-07-25,Desde abril de 2022,
Ambar Wellness -pilates,"Marcos Sastre 2819, C1417 Cdad. Autónoma de Buenos Aires",Villa del Parque,1158585540,,https://www.instagram.com/ambar.wellness?igsh=MXE0cXdxeGM3cWNsOA,1852,"4,9x40",,-,"Básico. En Instagram paleta de colores pastel gris, verde, marrón, rosa.",,"Hace 2 meses: Me encantan las clases de pilates. Excelente atención por parte de todas las docentes, atendiendo las necesidades de cada alumno y respetando sus tiempos. Espacio amplio, cómodo y luminoso. Hace 2 meses Excelente lugar para hacer pilates! Mucha calidez y profesionalismo por parte de todas las profesoras. Recomiendo",-,"Pilates, yoga y estética","De Lunes a viernes de 8 a. m.–8 p. m. Sábado, 8 a. m.–12 p. m.",-,"Google maps, IG",20-07-25,,
NETO PILATES,"C. Dr. Pedro I. Rivera 5756, C1431FCT Cdad. Autónoma de Buenos Aires",Villa Urquiza,1131131235,,https://www.instagram.com/netopilates/#,2550,"5,0x27",,-,"Studio básico. Instagram Colores pastel: rosa, verde, piel, azul claro.",,"Soy bailarina y vengo acá a entrenar mi flexibilidad, fuerza!.Esta atenta a cada alumno. Amo sus clases y me han sumado a mi baile desde el primer día!",Te invitamos a conectar con tu bienestar a través del Circuito Pilates Clases personalizadas en grupos reducidos,"Cadillar vertical, sprinboard",De Lunes a viernes de 7:30 a. m.–9:30 p. m.,,"Google maps, IG",20-07-25,"Conexiones con el baile, bailarinas y profes, no son local a la calle.. abrieron en 2024.",
LA DONATA PILATES,"Av. Olazábal 5559 7, C1430 Cdad. Autónoma de Buenos Aires",Villa Urquiza,1137861599,,https://www.instagram.com/ladonatapilates/#,547,"5,0x47",,-,"Básico, tonalidades grises, pelotas, cintas rosas,",,"Desde que comencé mis clases en el centro noté los cambios el primer día. Las profes son lo más, especialistas que saben lo que hacen y te acompañan en el proceso hacia tus resultados dándote seguimiento constante y personalizado. Un lugar hermoso y muy cálido, ideal para desconectar y reconectar con una misma. Las clases de Gigi son excelentes: súper claras, personalizadas y siempre con buena energía.",-,,"De lunes a viernes 7 a. m.–10 p. m. Sábado, 9 a. m.–1 p. m.",,"Google maps, IG",20-07-25,,
Pilates Mahara,"Echeverría 5131, C1431 Cdad. Autónoma de Buenos Aires",Villa Urquiza,1170587666,,https://www.instagram.com/pilatesmahara/#,2048,"4,6x22",,-,"Tonalidades grises y azules, pelotas, deslizantes blancos y rosas, pared malva.",,"Hace 4 meses: Un desastre. Me lastime en una clase estando guiada por una principiante, dónde nos dió posturas de yoga avanzadas. Hermoso y confortable espacio con horarios flexibles y posibilidad de hacer cambios. Profesoras excelentes y atentas a todo. La dueña un encanto.",-,,"Lunes y miércoles de 8 a. m.–12 p. m., 4–9 p. m. martes, jueves y viernes de , 8 a. m.–12 p. m., 5–9 p. m.",,"Google maps, IG",20-07-25,,
Studio Smile Pilates,"Juramento 4948, C1431CKJ C1431CKJ, Cdad. Autónoma de Buenos Aires",Villa Urquiza,1128601196,,https://www.instagram.com/studiosmilepilates/#,1399,"4,6x10",,Studio Moderna,"Estudio grande diseño paleta: bordeau y azul en paredes, y rosa claro. Pelotas grises, pared de madera, otra con un dibujo de hojas… Atractivo. Piso ajedrez. Local a la calle.",Siguefit,"Hace 7 meses: Excelente atención desde el primer día. Fui a una clase de prueba y me enamoré de pilates, del lugar, de la calidez y la atención tanto de las dueñas como de las profes. Son un amor total. Hace 7 meses: Es el mejor lugar de pilates que tiene el barrio. Las profesoras son muy buenas todas. Las camas están impecables y el lugar siempre limpio con olor hermoso y tiene una energía que te invita a quedarte y querer volver a seguir practicando. Las dos encargadas están siempre para resolver lo que se necesite con la mejor predisposición!",-,,"lunes, 8 a. m.–9 p. m. martes, 8 a. m.–1 p. m., 4–9 p. m. miércoles, 8 a. m.–1 p. m., 3–9 p. m. jueves, 8 a. m.–9 p. m. viernes, 8 a. m.–1 p. m., 4–9 p. m. sábado, 9 a. m.–1 p. m.",,"Google maps, IG",20-07-25,,
Cuore pilates,"Mendoza 4900 Piso 1, C1431 CIH, Cdad. Autónoma de Buenos Aires",Villa Urquiza,111559262280,,https://www.instagram.com/cuore_pilates/?hl=es#,1415,"4,0x26",https://www.cuorepilates.com.a,MB,"En Instagram color verde, el local con paredes verdes y blanco, básico, pelotas azules y rojas,",,"Mi mamá fue a una clase de prueba con el mismo señor del que ya vi comentarios negativos… y la verdad, todo cierto: fue maleducado, impaciente y sin el menor tacto (y con una señora de 73 años… tenes que ser forro para tratar mal a alguien grande eh). Y eso que era una clase de prueba… mínimo un poco de amabilidad, no? Lo más llamativo es que la chica que atiende por whatsapp es un amor, todo lo contrario”. “Hace 7 días Nueva La clase muy buena, EL PROFESOR que me toco me hizo BULLING. La clase como digo es muy buena, pero el profesor todo el desarrollo de la clase me hacia comentarios como ""La van a tener que bajar con una soga o Sofia esta te esta mirando y te salen mal los ejercicios"" La verdad no me sentí cómoda en toda la clase.” “Intentando comunicarme durante días: por WhatsApp, tocando timbre y nadie bajó, hablando en 2 oportunidades con las alumnas paradas en la calle. Me respondieron un domingo al mediodía, cualquier cosa, sin haber leído lo que escribí”.","Cuore Pilates nació en el centro de Villa Urquiza en Septiembre de 2009, impulsado por nuestros deseos de crear un centro de pilates distinto. El concepto principal que perseguimos es brindar un espacio sereno y confortable para nuestros alumnos, acompañado de una atención personalizada y cordial. Bajo estos preceptos creamos Cuore Pilates, un espacio dedicado exclusivamente al bienestar del cuerpo y la mente.",,"Lunes a viernes, 8 a. m.–12 p. m., 3–9 p. m. sábado, 9 a. m.–1 p. m.",,"Google maps, IG",20-07-25,,
KS Estudio Pilates,"Av. Olazábal 4816, C1431 Cdad. Autónoma de Buenos Aires",Villa Urquiza,111556688738,,https://www.instagram.com/reel/C-EVmHePwNl/,,"5,0x17",,-,,,"Hace un mes:Las clases de kari son un 10! Si estas buscando un lugar para hacer pilates es acá. Hace 4 meses Recomiendo las clases de Kari, además de ser una excelente persona, su profesionalismo en cada ejercicio y su dedicación a cada alumna son excelentes.",-,,Lunes a viernes de 8 a. m.–8 p. m,,"Google maps, Ig",20-07-25,,
Pilates MEP,"Av. Monroe 5263 C1004, Buenos Aires",Villa Urquiza,,,https://www.instagram.com/meppilates/?hl=es#,1434,"4,7x26",,-,"Básico, paleta de colores malva mat, naranja – deslizantes. Reformer nagro y verde.",,Hace 6 meses: Las mejores clases de pilates! Muy profesional y divertido. El equipamiento es super completo. Uso y recomiendo!,-,"Clase de esferodinamia, Depilación definitiva soprano ice, stretching, Clases de aéreo pilates!","Lunes: 8:00–21:00, martes: 8:00–11:00, 17:00–21:00, miércoles: 8:00–21:00, jueves: 8:00–11:00, 17:00–21:00, viernes: 8:00–12:00, 16:00–20:00, sábado: 9:00–12:00",-,"Google maps, IG",21-07-25,,
Kairos Pilates y Yoga,"La Pampa 5097, C1431 Villa Urquiza, Cdad. Autónoma de Buenos Aires",Villa Urquiza,111570642564,,https://www.instagram.com/kairos.urquiza,296,"5,0x3",,-,"Paletas de colores rosa, turquesa, pastel. Diseño atractivo.",,,,Yoga,"Lunes a viernes, de 8:00 am a 11:00 y de 17 a 21:00",,"Google maps, IG",21-07-25,,
Rincon del Alma Pilates,"4ª-56, Av. Triunvirato 4135, C1431FBE Buenos Aires",Villa Urquiza,1161813938,,https://www.instagram.com/rincon_del_alma_pilates/#,566,"4,7x34",https://www.rincondelalma.com.ar/,P&P,"Local armonioso, tonalidades rojas, naranjas, Instagran tonalidades verdes paletas.",,"Hace 4 meses: Excelente lugar, Trabajas todos los musculos del cuerpo. Laura una genia, muy recomendable. 3 semanas atrás. nuevosUn espacio hermoso, con profes súper atentas y dedicadas. Las clases con Lau son de las mejores que tomé, siempre distintas, siempre con una sonrisa y sobre todo con muchísima atención y registro del cuerpo",-,,"De Lunes a viernes 8 a. m.–9 p. m. sábado, 9 a. m.–12 p. m.",,"Google maps, IG",21-07-25,,
BB. estudio,"Av Olazabal 4810 timbre ""Belén Bottaro, Av. Olazábal 4810 timbre ""A, C1431 Cdad. Autónoma de Buenos Aires",Villa Urquiza,66934552,,https://www.instagram.com/bb.estudio_?igshid=OGQ5ZDc2ODk2ZA%3D%3D#,6541,"5,0x138",,-,,,"Hace 2 meses: Arranqué hace unos meses, por sugerencia de traumatólogo. Mi diagnóstico ""artrosis de cadera"", sugiriendo reemplazo de la misma. Pero gracias a estas clases de streching y pilates fusion, la mejoría fue notable. Luego la intervención se retrasará un tiempo. GRACIAS GRACIAS PROFES!! 3 semanas atrás. nuevos: Empecé hace poco, me encanta, sobretodo las clases de Mica, tiene una vibra hermosa, todas la tienen. Muy lindo lugar para llenarse de energía.","Sabías cual es una de las características de bb.estudio? Todas las profes somos bailarinas con una amplia formación en movimiento. Nos encanta compartirlo con vos y que logres tu mejor versión. No esperes más y empezá hoy mismo a ganar fuerza y elasticidad de una manera distinta comentá ""quiero""","Fit+ Dance, stretching fusión, pilates +barre","De lunes a viernes , 9 a. m.–8 p. m. sábado, 10–11 a. m.",-,"Google maps, IG",,"Clases en Villa Urquiza y Colegiales. Creando equilibrio y bienestar a través de la FUSIÓN de danza, yoga,pilates y stretching. No tienen reformer.",
Linda para vos - Pilates & Spa,"C1430DUI, Mariano Acha 1791, C1430DUI Cdad. Autónoma de Buenos Aires",Villa Urquiza,111569204130,,https://www.instagram.com/lindaparavos/#,1003,"5,0x137",,-,Básico. Tonalidades rosas en Instagram,,"Hace 3 meses: Yo tengo como profes a Cintia y Dani unas genias totales, clases activas con diversión asegurada , relajación y un fuerte aplauso por su buena onda de siempre. Hace 3 meses:Ya voy hace más de un año. El espacio está muy cuidado y las profes unas genias! Super recomendable.",-,Estética corporal,-,-,"Google maps, IG",21-07-25,,
Pilates Bren,"Cullen 5209, C1431 Cdad. Autónoma de Buenos Aires",Villa Urquiza,111554104923,,https://www.instagram.com/pilatesbren/?hl=es#,2488,"4,6x47",,-,"Tonalidades verdes y negro en Instagram. Local ambiente naturalista, pelotas grises y verdes, pintura de hojas en la pared.",,"Hace un año: No recomiendo este espacio. Te ofrecen poder recuperar clases dentro del mes, pero es casi imposible encontrar lugar. El trato es muy condescendiente. La comunicación es bastante extraña, me enteré que el espacio cambiaba de lugar por mis compañeras de clase. Pongo 2 estrellas porque las profes son buena onda y súper puntuales. Hace 2 años Las profes excelentes, la administración y atención al cliente pésimas. No te explican al entrar ni como funciona la app ni que las clases que cancelas vos o por feriados se deben recuperar dentro del mes sino las perdés. Una locura teniendo en cuenta la poca disponibilidad de horarios.",Estudio Integral de Pilates,,"De Lunes a viernes , 8 a. m.–9 p. m. Sábado, 8 a. m.–1 p. m.",,"Google maps, IG",21-07-25,Pilates para embarazadas,
Pilates Marina,"Av. Triunvirato 4389, C1431 Cdad. Autónoma de Buenos Aires",Villa Urquiza,1159910464,,https://www.instagram.com/marina.studiopilates/?hl=es#,1920,"5,0x27",,-,,,"Hace 2 años. La instructora es lo más. Me encantan las clases, super dinámicas, la música a gusto de los alumnos. Un ambiente relajado y hermoso. Me hace muy bien. Recomendable 100% Hace un año: Súper recomendable! Marina es una genia, se nota su dedicación y está súper atenta a cada uno de los alumnos. Sin dudas recomiendo sus clases!",-,Instructora Pilates Mat y Reformer Embarazo y Pilates RPH Reeducación Postural Hipopresivo Esferodinamia y esferokinesis,"Lunes, martes, jueves y viernes de 8 a. m.–9 p. m. miércoles, 8:30 a. m.–9 p. m. sábado, 9 a. m.–2 p. m.",,"Google maps, IG",21-07-25,,
Sol Azteca Pilates,"Miller 2345, C1431CGH Cdad. Autónoma de Buenos Aires",Villa Urquiza,1160382475,,https://www.instagram.com/studiosolazteca/#,1077,"5,0x5",,P&P,,,"Hace 2 años: Muy lindo lugar para hacer pilates. La profe Mariana es buenisima , disfruto mucho las clases.Hace 10 meses: Hermoso lugar para hacer pilates",-,,"Lunes y miércoles , 7 a. m.–10 p. m. Martes y jueves de 8 a. m.–9 p. m. viernes, 8 a. m.–8 p. m.",-,"Google maps, IG",21-07-25,,
Imperio Pilates Studio,"Monroe 3879, C1430 Cdad. Autónoma de Buenos Aires",Villa Urquiza,1170651521,,https://www.instagram.com/imperiopilates.studio/,778,"4,9x37",,-,,,"Hace 6 meses Mi studio de pilates favoritoo, las clases son súper personalizadas y el ambiente es hermoso! Hace 5 meses: Excelente ambiente y muy ideal para ponerte en forma de una manera diferente, la atención perfecta de parte de las instructoras, muy profesionales y amables, hagan pilates que les cambiará la vida!",-,,"De Lunes a viernes de 7 a. m.–7 p. m. Sábado, 9 a. m.–12 p. m.",,"Google maps, IG",21-07-25,,
Fémina Estudio,"Monroe 4421, C1431 Cdad. Autónoma de Buenos Aires",Villa Urquiza,1158662401,,https://www.instagram.com/feminaestudio_/?hl=es#,5738,"5,0x79",,-,"Tonalidades verdes, reformes torres,",,"2 semanas atrás:Mejor pilates de villa urquiza. Muy buenas clases! Ayi es lo más y agus también. Clases dinámicas y entretenidas Hace 5 meses: Las clases son super dinámicas, Ayi una dulce, siempre atenta a las alumnas. Me encanta Femina. La app por la que se maneja el sistema de turnos también es flexible y permite una autogestión muy buena!",-,"Elongación, Masajes, Estética, Depi. Láser y Cosmiatría.","De lunes a viernes , 8 a. m.–8 p. m. sábado, 8 a. m.–12 p. m.",,"Google maps, ig",21-07-25,,
Arte Pilates,"C. Pacheco 3006, C1431FJL Cdad. Autónoma de Buenos Aires",Villa Urquiza,1145415763,,https://www.instagram.com/artepilatesar/#,501,"4,6x15",,-,"Básico. Pared amarilla, pelotas rojas y azules.",,"""Las profes son muy calidas y las clases son bien variadas.""Fui a una clase de prueba y no me gustó.""",Escuela de pilates reformer. Union de cuerpo fisico y mental,,"De Lunes a viernes, 8 a. m.–9 p. m. sábado, 8 a. m.–1 p. m.",,"Google maps, IG",21-07-25,Ofrecen instructorado.,
Casa Amarilla Pilates y masajes,"Miller 3151, C1430 Cdad. Autónoma de Buenos Aires",Villa urquiza,2291573995,,https://www.instagram.com/espaciocasa.amarilla?igsh=MzJlY2J2Y2ZvOW81,395,"5,0x20",,-,,,"2 semanas atrás:Hermoso espacio. Las clases están buenisimas, los profes son lo más. Los masajes son los mejores que recibí. Hace 2 meses:Un lugar hermoso e iluminado, el masaje recomendadísimo. Y Luna la dueña un amor",,,"Lunes, miércoles y viernes.",-,"Google maps, Ig",21-07-25,Taller de plantas,
El Atelier Pilates,"Mariano Acha 3168, C1430 Cdad. Autónoma de Buenos Aires",Villa Urquiza,111541947590,cámara ,https://www.instagram.com/elatelierpilates/?hl=es-la#,824,"4,8x28",,-,"Diseño básico, tonalidades azul, deslizantes verdes y azules,",,"Hace un año: Comparto mi experiencia en este lugar ya que fue muy buena. Profesores muy atentos a los movimientos que realizamos, interviniendo en caso de ser necesario. Enfocados en que aprendamos las respiraciones y en cómo hacer el ejercicio. Hace un año:Sigo a Sabrina hace casi 8 años. Rutinas pensadas, posturas cuidadas, atenta a la respiración y a las aptitudes físicas de cada uno. Siempre me sentí cómoda, en un ambiente muy humano.",-,,"De lunes a viernes 8 a. m.–9 p. m. Sábado, 8 a. m.–12 p. m",,"Google maps, IG",22-07-25,,
Nuevo Pilates Urquiza,"Av. Congreso 4613, C1431AAB Cdad. Autónoma de Buenos Aires",Villa Urquiza,1131117074,,https://www.instagram.com/nuevopilatesurquiza/?hl=es#,990,"5,0x37",,-,"Básico , local nuevo. pelotas azules,",,"""Muy buena atención, por ahora tuve la primer clase de prueba y todo excelente.""",-,Masajes,"De lunes a viernes 8 a. m.–1 p. m., 4–9 p. m. Sábado, 9 a. m.–1 p. m.",,"Google maps, Ig",22-07-25,,
PILATES VALMA,"Galván 2844, C1431 Cdad. Autónoma de Buenos Aires",Villa Urquiza,1165913310,,https://www.instagram.com/pilatesvalma/,193,"5,0x6",,-,,,"2 semanas atrásnuevos Un lugar espectacular para conectarse con el cuerpo. Espacioso, limpio, cómodo y bien equipado. Juan, el instructor de la tarde, un capo, siempre con buena onda. Súper recomendable","Transforma tu cuerpo y mente en nuestro centro de Pilates. Con dedicación personal y atención en cada detalle te ayudarán a alcanzar, tu mejor versión.",,"De Lunes a viernes de 8 a. m.–9 p. m. Sábado, 9 a. m.–1 p. m",,"Google maps, IG",22-07-25,,
Colmao de Pilates,"Av. Triunvirato 4388, C1431FBT Cdad. Autónoma de Buenos Aires",Villa Urquiza,111560395252,,https://instagram.com/colmaodepilates,1227,"4,7x15",,Idepil.com,,,"2 semanas atrásNueva. Muy buen lugar! Lo recomiendo especialmente, ya que prestan mucha atención a cada alumna y eso no sucede en todos los lugares",,,"De lunes a viernes de 8 a. m.–10 p. m. Sábado, 9 a. m.–12 p. m",,"google maps, IG",22-07-25,,
Plena Estudio de Danzas y Pilates,"C. Pacheco 2251, C1431FII Cdad. Autónoma de Buenos Aires",Villa Urquiza,1161617443,,https://www.instagram.com/plenaestudio/?hl=es-la#,1037,"4,0x5",http://plenafitness.blogspot.com/,,Básico,,"Editado Hace un año:Pésimo todo! De pilates no tiene nada el lugar, encima la poca comprensión y empatía ante un problema. Cero recomendable. Hace 8 añosLas profes son divinas y la calidad de sus clases excelente en todas las disciplinas!",-,Danza,Lunes a viernes de 6–9 p. m.,,"Google maps, IG",22-07-25,,
Feel Good,"C. Dr. Pedro I. Rivera 5219, C1431BVO Cdad. Autónoma de Buenos Aires",Villa Urquiza,1135313014,,https://www.instagram.com/feel.good.pilatess/#,1500,"4,7x68",http://www.feelgood.com.ar/,FOX,"Amplio, con variedad de equipos. Tonalidades rojo- pelotas y negro. Instagram naranja y negro.",,,"4 semanas atrásEs un hermoso lugar, la profe me escucha y me cambia los ejercicios en base a mis limitaciones y dolencias. No es fácil de encontrar eso en pilates, lo super recomiendo! Hace 5 meses Lugar que tienen en cuenta tus dolencias y limitaciones para no lastimarte :)",-,Pilates Reformer – Pilates Springboard – Pilates Circuito – Stretching – Pilates Barre – Barre A Terre,,"Google maps, web, IG",22-07-25,"Reformer marca Fox ccompañia de fitness. Piden: Recordá traer el apto médico es obligatorio, para hacer actividad física.",
Pilates Muta,"Nuñez 4700, C1431 Cdad. Autónoma de Buenos Aires",Villa Urquiza,1136709030,,https://instagram.com/mutapilates,1720,"4,9x61",,P&P,"Paleta de colores rojos – deslizantes, grises – pelotas. Tiene patio el local.",,,"Hace 3 mesesMuta es un espacio hermoso y cómodo para entrenar. Las clases son en grupos reducidos y Lu explica todo de forma detallada y paciente. Siempre está mirando que estés haciendo los ejercicios de forma correcta y hace un seguimiento personalizado de tu proceso. Sin lugar a dudas, el mejor lugar para hacer pilates!",,,,"Google maps, IG",23-07-25,,
Claudia Pilates y Kobido,"Mariano Acha 3660, C1430 Cdad. Autónoma de Buenos Aires",Saavedra,1161663421,,https://www.instagram.com/claumatpilates/#,190,"4,9x10",,,-,,,"Hace 2 meses. Claudia es una excelente profesional y persona. Comencé con ella hace un tiempo y estoy súper contenta, brinda clases personalizadas y te ayuda a realizar los ejercicios correctos para modelar el cuerpo y corregir la postura. Se adapta a los objetivos de cada uno. Hace 2 meses Excelente espacio para hacer Pilates personalizado. La profe Claudia una maravillosa persona","yoga, Zumba ","De lunes a viernes, 8 a. m.–8 p. m.",,"Google maps, IG",23-07-25,,
Roma Pilates & Coffee,"Crisólogo Larralde 3532, C1430 Cdad. Autónoma de Buenos Aires",Saavedra,1127990782,,https://www.instagram.com/roma.pilates.cafe,651,"4,9x92",,APC,"Básico. Reformer, pelotas verdes, pesas rojas.",,,Hace 6 meses. Personalmente fui por los pilates. Cosa que para mí es una maravilla ¿Y que me lo sumen con un rico café de calidad? Una combinación buenísima. 10/10.,café,"De lunes a viernes de 8 a. m.–9 p. m. sábado, 8 a. m.–8 p. m.",,"Google maps, IG",24-07-25,Es un Café,
Hono Studio,"Av. Cabildo 3970, C1429AAX Cdad. Autónoma de Buenos Aires",Saavedra,,,https://www.instagram.com/honostudio.ba,,"5,0x13",,,-,,,"2 semanas atrás. Nueva Excelente experiencia. El lugar, la clase de pilates, todo es de excelencia. Hice la clase con la profe Caro y me encantó. Super atenta, clase muy dinamica y ejercite todo el cuerpo. El studio es precioso, se nota el buen gusto y dedicación en cada detalle. Lo recomiendo.",,,,"Google maps, IG",27-07-25,La Web y el Instagram no son de estudios de pilates. ¿Existe? Revisar.,
Pilates Villa Crespo,"Batalla del Pari 484, C1414 DXB, Cdad. Autónoma de Buenos Aires",Villa Crespo,111563542098,,https://instagram.com/pilates.villacrespo?igshid=MzNlNGNkZWQ4Mg==,1484,,,,,,,,,"De lunes a viernes, 8:15 a. m.–1 p. m., 3–8 p. m. sábado, 10 a. m.–1 p. m.",,"Google maps, IG",27-07-25,,
Pilates Ki,"Av. Juan Bautista Justo 3450, C1416DJO Cdad. Autónoma de Buenos Aires",Villa Crespo,,,https://www.instagram.com/pilates.ki/?hl=es-la#,253,"4,6x5",,,Básico,,,"una semana atrás: Es el lugar perfecto para hacer pilates, las profes saben del cuidado del cuerpo y el espacio es hermoso!",,"lunes, martes y miércoles 8 a. m.–12 p. m., 5–9 p. m. jueves, 8 a. m.–12 p. m. viernes, 8–11 a. m., 5–9 p. m. sábado, 9 a. m.–1 p. m.",,"Google maps, IG",27-07-25,No tiene teléfono y el Instagram está desactualizado.,
Rizoma Pilates,"Gral. Manuel A. Rodríguez 1566, C1416 Cdad. Autónoma de Buenos Aires",Villa crespo,111564562976,,https://www.instagram.com/rizomapilates?igsh=MzJ2a2pzbm56dGx4,923,"4,7x20",,-,"Básico. Reformer, pelotas y mat malvas, studio con con patio.",,"Hace 4 meses: Excelentes las instructoras de pilates, pero el lugar le faltaba mantenimiento en las paredes y en algunas camas de reformer. Aumentaba el precio pero no veía esas mejoras. Hace 2 meses. Empecé pilates ahí. Excelente Eurídice. Lo recomiendo","Nuestra propuesta de trabajo consiste en flexibilizar, fortalecer y articular. Atender la postura, las tensiones, molestias y dolores. Siempre desde la consciencia corporal y haciendo presencia en lo que realizamos, con los cuidados necesarios y amorosidad hacia nuestros cuerpos.",,"De lunes a viernes , 8 a. m.–9 p. m. sábado, 9 a. m.–12 p. m.",-,"Google maps, IG",27-07-25,Profes bailarinas y coreógrafas.,
Levy Pilates,"Leopoldo Marechal 1155, C1414 Villa Crespo, Cdad. Autónoma de Buenos Aires",Villa Crespo,1137055400,,https://www.instagram.com/levypilates?igsh=cmd6MTZnMnA2OHUy,62,"5,0x23",,-,Básico,,"Hace 4 meses.Recomiendo ampliamente esta actividad, primero por su profesionalismo, por la mirada individualizada y precisa, por la calidez de las clases. En poco tiempo el cuerpo también se da cuenta!.Muy buena la clase!! Personalizada y dinámica.",,,"De lunes a viernes, 8 a. m.–9 p. m",-,"Google maps,IG",27-07-25,,
Sayen Pilates & Spa,"Acoyte 1525, C1414BZI Cdad. Autónoma de Buenos Aires",Villa Crespo,1167514333,,https://www.instagram.com/sayen_pilatesyspa/#,361,"5,0x14",,-,"Básico. Pelotas azules, reformer rojos y negros.",,"Hace 6 días: Muy buenas profesoras, clases super variadas y adaptadas a cada necesidad, super recomendables. Hace 5 días: Hermoso lugar. Las clases son excelentes. Muy recomendable",-,Maquillaje,"De lunes a viernes , 9 a. m.–9 p. m.",-,"Google maps, Ig",27-07-25,,
Samsara Pilates Villa Crespo,"Gurruchaga 200, C1414 Cdad. Autónoma de Buenos Aires",Villa Crespo,1133416923,,https://www.instagram.com/samsarapilatesvillacrespo/#,1133,"4,7x84",,-,Básico,,"Hace 10 meses: Soy alumna de Samsara desde hace más de seis años y lo super recomiendo. Eugenia sabe muchísimo, las clases son entretenidas y es muy cuidadosa con todos los alumnos, como debe ser una clase de pilates. Hace 8 meses: Samsara pilates es un lugar hermoso para entrenar y cuidar la salud! La dueña Euge es una copada total y tiene un recorrido importante! es re cuidadosa a la hora de corregir! Tuve que mudarme asique no pude ir más... Pero Samsara en mi corazón jajaja. Super recomendable",Estudio especializado en Método Pilates. Clásico y Contemporáneo. Clases personalizadas para todas las edades,,"lunes, martes y jueves 8 a. m.–9 p. m. miércoles y viernes de , 8:30 a. m.–9 p. m",-,"Google Maps, IG",27-07-25,Estudio pequeño. En el Instagram no tienen fotos del lugar.,
Centro ByB,"Serrano 290, C1414 Cdad. Autónoma de Buenos Aires",Villa Crespo,1139029220,,https://www.instagram.com/centrobellezaybienestar/#,1290,"4,4x19",,MB,"Diseño básico, con tonalidades azul.",,"Hace 3 meses: Ale es lo mas, hace meses voy al Centro para hacerme masajes. Noto mucha mejoría en cuanto al rendimiento en mi actividad física. Recomiendo totalmente!Hace 8 meses:Pregunté sobre las clases, para recibir asesoramiento y recibi una foto con los valores de la misma. Ni un ""Buenos dias"" , si así atienden por WhatsApp no me quiero imaginar lo demás.. no se dediquen a esto si no tienen vocación de servicio.","Belleza, cosmética y cuidado personal:Somos un estudio dedicado al cuidado y relajación de nuestro cuerpo.Yoga Pilates Mat Reformer Masajes","Masajes , yoga","Lunes y miércoles 8 a. m.–8:30 p. m. martes y jueves , 8:30 a. m.–9 p. m. viernes, 8 a. m.–7:30 p. m.",-,"Google maps, IG",27-07-25,,
Pilates DynaMov,"Gurruchaga 403, C1414DHI Cdad. Autónoma de Buenos Aires",Villa Crespo,1162140795,,https://www.instagram.com/dynamovpilates/#,928,"4,8x6",,-,"Básico, tonalidades malvas.",,Hace 4 años. Hermoso lugar con docentes espectaculares! Más que recomendable para principiantes y avanzados.,,,"De lunes a viernes de 11 a. m.–9 p. m. Sábado, 11:30 a. m.–1:30 p. m.",-,"Google maps, Ig",28-07-25,Ofrecen capacitaciones,
CuerpoEspiral - Pilates Personalizado,"Malabia 376, C1414 Cdad. Autónoma de Buenos Aires",Villa crespo,111567419477,,https://www.instagram.com/pilates_cuerpo_espiral/#,536,"4,8x73",,IDpil.com,"Básico. Reformes, pelotas colores variados.",Fitfit,"2 semanas atrásNueva Las clases son excelentes, muy dinámicas, creativas, nada repetitivas, muy bien armadas, la hora se pasa rapidísimo! Hace 6 meses Asistí a clases desde el 8 de noviembre al 9 de diciembre de 2024, día en que tuve un accidente durante una de las clases y me fisuré una costilla. Con diagnóstico de fisura, el jueves 12/12 avisé que no iba a poder asistir más durante todo el mes de diciembre… Por esa fisura, perdí 6 clases que había pagado por adelantado a principios de diciembre 2024. Hoy pregunté si podía recuperar las 6 clases perdidas en diciembre durante enero 2025. Fundamentando su respuesta en un ""reglamento"", me contestaron que no, que solo ""me habían guardado el lugar"". Una pena…",,,"De Lunes a viernes de 8 a. m.–9 p. m. Sábado, 8 a. m.–1 p. m.",,"Google maps, IG",28-07-25,,
Spacio Zeta Pilates Boot Camp,"Av. Corrientes 5249, 1185 Cdad. Autónoma de Buenos Aires",Villa Crespo,1178383726,,https://www.instagram.com/spaciozetapilates/,56,,,-,Básico. Espacio pequeño. 4 reformer.,,,,,"De lunes, 9 a. m.–7 p. m. sábado, 9 a. m.–12 p. m.",-,"Google maps, IG",28-07-25,Ig poco activo,
Aprile Pilates,"Lavalleja 505, C1414 Cdad. Autónoma de Buenos Aires",Villa Crespo,,,https://www.instagram.com/aprilepilatestudio/?hl=es-la#,1096,"4,5x36",,-,,,"Hace 3 meses: Un Espacio, donde uno encuentra un equipo de profesionales comprometidos con su trabajo, que lo hace ideal para el cuidado de Nuestro Cuerpo Físico e Emocional , logrando y superando las metas que se proponen. Gracias Aprile por Estar. Hace 3 meses: Un excelente lugar que me cambió la vida. Me olvidé de los dolores de espalda. Naty una genia que siempre está atenta a corregir y ayudar en las posturas.",-,,"De Lunes y miércoles, 3–8 p. m. martes y jueves de 9 a. m.–12 p. m., 3–8 p. m. Viernes, 9 a. m.–12 p. m., 2–7 p. m. Sábado, 12–4 p. m.",,"Google maps, IG",28-07-25,,
HEALTH STUDIO Ar,"Av. Angel Gallardo 717, C1405DJH Cdad. Autónoma de Buenos Aires",Villa Crespo,1148543350,,https://www.instagram.com/pilateshealthstudio/#,664,"3,8x30",,P&P,Básico. Paletas de colores negro y grises- pelotas.,,"Editado Hace un año.La profesora excelente. Pero si queres que te maltraten cruzate con la encargada o dueña o no se que es. Vas a recibir la peor medicina.Hace un año: Para pasarte precio te dicen que vayas al lugar . No entiendo qué es lo complicado que no pueden informarlo por WhatsApp. No tengo tiempo de ir averiguar precios , por eso consulto vía online. Ya que ellos ofrecen su número en su perfil. Para ver si me sirve lo que me ofrecen o busco en otro lado",-,,"De Lunes a viernes, 8 a. m.–12 p. m., 5–10 p. m. Sábado, 9 a. m.–2 p. m.",,"Google maps, IG",28-07-25,,
Bienestar en Movimiento,"Julián Álvarez 563, C1414 Cdad. Autónoma de Buenos Aires",Villa Crespo,1148569222,,-,,"4,4x29",,P&P,,,"Hace 8 meses. Destaco la excelencia de la profesora Ludmila, pero la dueña Julia nos ha maltratado , nos ha hablado de muy mala manera y nos manifestó que el motivo es que solo le interesa publico joven en su escuela y nos invito a irnos, lo cual hice Hace 7 meses El mejor espacio con las mejores profes! Hermoso como enseñan a ejercitar cuidadosamente el cuerpo y la mente",Bienestar es Movimiento Estudio de Pilates Reformer Talleres de capacitación Online-presencial,,"De Lunes a viernes, 8 a. m.–9 p. m. Sábado, 9 a. m.–1 p. m",-,"Google maps, IG",28-07-25,,
Estudio Corporeum,"Malabia 584, C1414DLH Cdad. Autónoma de Buenos Aires",Villa Crespo,1166424589,,https://instagram.com/estudio.corporeum?igshid=MWZjMTM2ODFkZg==,1119,"4,8x36",,-,"Paleta de colores verde pastel, pesas, pelotas, reformes construidos por Scaiola.",,"una semana atrás Nueva Excelente clase de pilates! Ame la atención y dedicación de rocío en la técnica para ejecutar los movimientos de forma correcta. Hace un año. Excelente lugar con una atención mas que personalizada por mas de ser clases grupales. El profesor no solo está atento a cada patologia o dolor, sino que además corrige las posturas y explica con formas super técnicas cada movimiento y el porqué de cada uno. Ojalá todos tuvieran un lugar tan serio y profesional para relajarse, siendo que te tratan como persona con historia y teniendo todo en cuenta. Sin dudas para no dejar nunca de ir.",El poder de Pilates junto al mejor entrenamiento funcional De #villacrespo para todo el mundo!,Fitnes,"De lunes a viernes de 9 a. m.–10 p. m. Sábado, 10 a. m.–1 p. m.",-,"Google maps, IG",28-07-25,Enlaces de Instagram no abren. Es un profe hombre.,
SerUno • Pilates Reformer,"Araujo 476, C1408 Cdad. Autónoma de Buenos Aires",Villa Luro,11 6363-9582,,https://www.instagram.com/serunobienestar/#,,"4,9x61",,Studio moderna,Básico,,"Hace un mes. Ambiente muy agradable y limpio, buen estado de camas y accesorios , excelentes profesoras, cumplen estrictamente los horarios de las clases , prolijo manejo administrativo y excelente atención a alumnos . Altamente recomendable !!!",,,"lunes, 10–11 a. m., 4–9 p. m. martes, miércoles y jueves de 8 a. m.–12 p. m., 5–9 p. m. viernes, 8 a. m.–12 p. m., 5–9 p. m. sábado, 10 a. m.–1 p. m.","9F5W+2P Buenos Aires, Cdad. Autónoma de Buenos Aires","Google maps, instagram",12-09-25,,
Pilates Studio Sabrina Feal,"Leopardi 190, C1407 Cdad. Autónoma de Buenos Aires",Villa Luro,1123925650,,https://www.instagram.com/pilates.studio.sabrinafeal/#,999,"5,0x6",,Del Río Pilates,"Básico. Tonalidad rosa, colchonetas, pelotas grisesa",,"Hace un año: Excelente lugar y más que excelente profesora, Sabri es lo más!! No solo explica bien y muestra como se deben hacer los ejercicios, sino que es súper amable, amorosa y divertida",,"Acrobacias, Pilates reformer,Reformer postural, Stretching, Training mix Yoga","Lunes a viernes, 8 a. m.–8 p. m. sábado, 9 a. m.–12 p. m.","9G63+52 Buenos Aires, Cdad. Autónoma de Buenos Aires","Google maps, instagram",12-09-25,,
Bive Pilates Villa Luro,"Av. Rivadavia 10814, C1408AAV Cdad. Autónoma de Buenos Aires",Villa Luro,1170663086,,https://www.instagram.com/bivepilates/?hl=es#,,,https://www.bivepilates.com.ar/,P&P y FOX,,,"Hace 2 meses: Llevo un mes de clases y estoy muy contenta! El lugar es agradable, limpio, los equipos son muy cómodos y sobre todo destaco el profesionalismo de la profe Fernanda! Está pendiente a todos los detalles y el trabajo en el cuerpo es tan profundo como llevadero 🙌🏼 siempre con buena onda!",,,"Lunes a viernes de, 8 a. m.–9 p. m. sábado, 9 a. m.–2 p. m","9F6M+6F Buenos Aires, Cdad. Autónoma de Buenos Aires","Google maps, instagram",12-09-25,Tiene una sede en Villa Luro y otra en Liniers. Toda la información en web.,
VALU pilates reformer funcional,"Av. Juan B. Justo 8150, C1407 Cdad. Autónoma de Buenos Aires",Villa Luro,-,,https://www.instagram.com/valupilatesyfuncional/,6187,"4,7x30",,Studio moderna,Básico,,"Hace 5 meses. Excelente persona y profe. Maru es super dinamica con sus clases, te motiva para superar todos tus limites. Clases intensas y variadas, si te gusta mucho el deporte es por aca!",,,Lunes a viernes de 8 a. m.–9 p. m.,"9F8X+P2 Buenos Aires, Cdad. Autónoma de Buenos Aires","Google maps, Instagram",12-09-25,,
Yoga y Pilates Villa Luro,"Av Canónigo M. C. del Corro 615, C1407 Cdad. Autónoma de Buenos Aires",Villa Luro,1163736001,,https://www.instagram.com/yogaromy/?hl=es#,2069,"4,9x39",,-,Básico.,,"3 semanas atrás::NuevaRecomiendo mucho el instructorado. Tiene una excelente calidad de educación y de los contenidos enseñados. Entregan apuntes para reforzar lo aprendido en cada clase, así como también, se realizan prácticas es muy completo. Las profesoras son unas genias con gran dedicación para enseñar. El espacio es luminoso, amplio y la ambientación es muy acogedora. Le pongo 10 a todo!!",,Clases e INSTRUCTORADO de 𝐏𝐢𝐥𝐚𝐭𝐞𝐬 Reformer/CLASES de Yoga /Columpios/Elongación,"Lunes a viernes 10 a. m.–9 p. m. sábado, 10 a. m.–3:30 a. m.","9G92+39 Buenos Aires, Cdad. Autónoma de Buenos Aires","Google maps, instagram",12-09-25,Ofrecen instructorado.,
LINA PILATES,"Av. Juan B. Justo 7871, C1407 Cdad. Autónoma de Buenos Aires",Villa Luro,1131632450,,https://instagram.com/linastudiopilates?utm_medium=copy_link,1427,"5,0x26",,Studio moderna,Básico. Tonalidades en torno al malva. Pelotas grises.,,Hace 5 meses: Voy hace más de 2 años.... Nunca pude sostener una actividad física hasta que conocí Lina...Muchas dedicación de parte de las profes y además se forman hermosos grupos. Personalmente me divierto mucho... Lo recomiendo 100 %,,,"Lunes a viernes 8 a. m.–12 p. m., 3–9 p. m. sábado, 8 a. m.–12 p. m., 3–9 p. m.","9F9X+9X Buenos Aires, Cdad. Autónoma de Buenos Aires","Google maps,",12-09-25,,
Hema Pilates,"lisandro de la torre 1126 Basualdo 399 Yatay 437, florida 165, C1408 Buenos Aires",Villa Luro,11 7062-9097,hemapilates@gmail.com,https://www.instagram.com/hemapilates#,4563,"4,9x66",https://www.hemapilates.com.ar/,Del Río Pilates,"Armonioso, moderno, decoración de pared con tiernas flores azules. Amplio. Iluminado.",,"3 semanas atrás NuevaMati, el grupo de Pilates sede Liniers dias sabados 13hs quiere expresarte un sincero agradecimiento y reconocimiento al excelente trabajo y la gran vocación demostrada por la Profesora Lucrecia.","Hema Pilates es un estudio que se especializa en Pilates Reformer, con amplia experiencia.Trabajamos de forma personalizada para mejorar la salud de nuestros alumnos/as en clases técnicas, dinámicas y divertidas para desarrollar el máximo de sus potencialidades.Equipado con Reformers (camillas) de primera calidad. También disponemos de diversos accesorios: Pelotas, Bandas Elásticas, Box, Tablas de Salto, Tablas de Extensión, mancuernas, bastones, etc. Contamos con 4 sedes ubicadas en los barrios de Liniers, Villa Luro, Almagro y Microcentro, todas con ambientes climatizados. También con área protegida vittal, de manera que en caso que ocurra cualquier accidente o descompensación dentro de los estudios, la persona será asistida de manera urgente por nuestro servicio médico.",,"Lunes a viernes de 8 a. m.–9 p. m. sábado, 9 a. m.–2 p. m.","9F5X+52 Buenos Aires, Cdad. Autónoma de Buenos Aires","Google maps , Ig",25-11-25,"Hema (Microcentro), Hema (Villa Luro), Hema (Liniers), Hema (Almagro",
Bloom Pilates,"Cortina 2096, C1408 Cdad. Autónoma de Buenos Aires",Villa real ,1155860166,,https://www.instagram.com/somosbloompilates/#,548,"5,0x1",,Studio moderna,Básico,,Hace 5 meses: Pensé que había encontrado un buen lugar para hacer Pilates y me equivoqué. El estudio está bueno pero tienen pocas camas. Supuestamente en cada clase ibas rotando usar camas o el piso; en mi caso no tuve opción. Si te da lo mismo hacer pilates en el suelo o en camas…claramente para mí no es mismo. Solo 1 de las 3 profesoras con las que tuve clases fue excelente. El resto fueron un poco descortés y no prestaban atención si estabas haciendo bien o no los ejercicios. Espero que mis comentarios les ayuden a mejorar. Saludos,,,Lunes a viernes de 9 a. m.–8 p. m,"9FHG+4V Buenos Aires, Cdad. Autónoma de Buenos Aires","Google maps, IG",15-09-25,,
Centro Pilates Buenos Aires,,Villa Lugano,1162506582,,https://www.instagram.com/pilates_bsas?igsh=MW85MnNnbm1pY2oxZQ%3D%3D#,2447,"5,0x6",,-,,,,,,"Lunes a viernes 8 a. m.–8 p. m. sábado, 9 a. m.–1 p. m.","8G5G+PW Buenos Aires, Cdad. Autónoma de Buenos Aires","Google maps, Instagram",11-09-25,,
Umana Pilates Caballito,,Villa Riachuelo,,,https://www.instagram.com/humanupilates/#,2584,-,,-,"Equipado, básico.",,,,"Instructor de Pilates clásico y contemporáneo, Instructor de Indoor cycle, Instructor de Spinning.","Lunes a viernes 8 a. m.–9 p. m. sábado, 10 a. m.–1 p. m.","8G6G+29 Buenos Aires, Cdad. Autónoma de Buenos Aires","Google maps, Instagram",11-09-25,Este profe lo seguía por algo en particular… buscar.,
Vital Pilates,"Echenagucía 28, C1408 Cdad. Autónoma de Buenos Aires",Villa Luro,1165073256,,https://www.instagram.com/pilatesvital.ok/#,1161,"5,0x34",,Studio moderna,Básico.,Siguefit,"Hace un mes: Las clases de Ale cambió mi vida!! Se enfoca en trabajar todo el cuerpo. Queres bajar? Es acá, queres tonificar? Es acá, queres estilizar? Es acá. La mejor atención está en Villa Luro, está en pilates vita",-,,"lunes, 8 a. m.–9 p. m. martes, 8 a. m.–12 p. m., 1–9 p. m. miércoles, 8 a. m.–12 p. m., 4–9 p. m. miércoles, 8 a. m.–12 p. m., 4–9 p. m. viernes, 8 a. m.–12 p. m., 5–8 p. m. sábado, 9 a. m.–12 p. m.","9F6R+MW Buenos Aires, Cdad. Autónoma de Buenos Aires","Google maps, Ig",25-11-25,,
206 Pilates Studio,"Santiago de las Carreras 7, C1407KTA Cdad. Autónoma de Buenos Aires",Villa Luro o Floresta,1126649896,,https://www.instagram.com/pilates206.ar/#,4172,"4,3x110",,Life Pilates,Básico.,,"Hace 6 meses. Las profesoras que me tocaron son geniales, muy profesionales y atentas. Pero la parte administrativa es un desastre, no hay una atención personalizada. Cuando te comunicas aluden que son varias personas haciendo diferentes trabajos, pero la comunicación entre estas personas parece que es inexistente. No son considerados ni con las recuperaciones ni con la fecha de alta de las clases al inicio del mes",-,,"Lunes y martes, 8 a. m.–10 p. m. miércoles y viernes de 7 a. m.–9 p. m. sábado, 8 a. m.–3 p. m.","9G76+M6 Buenos Aires, Cdad. Autónoma de Buenos Aires","Google maps, IG",25-11-25,,
Sukha Pilates Core Center,"Av. Rivadavia 8945, C1407 Cdad. Autónoma de Buenos Aires",Villa Luro,,,https://www.instagram.com/sukha.pilatescorecenter/profilecard/?igsh=MWtpendyMWh6dnp2aA==,3996,"4,6x28",,Studio Moderna,"Básico, pelotas negras, en ig tonalidades rosas, muy cargadas todas las publicaciones…",,"Hace 4 meses: Servicio pésimo. Mande un mensaje el 5/7 al tel que informan en la pagina preguntando por las clases en la sede Flores. Luego de insistir, me contestaron el 13/7. Como me dieron una opción de horario que no me servía, le pregunte por otra opción y ya no contestaron. Hoy, 17 de Julio, recibo un msj diciendo que no dan mas clases en Flores. Recomiendo que vayan a otro lugar",-,,Martes a viernes abierto 24 Hr,"9G75+QW Buenos Aires, Cdad. Autónoma de Buenos Aires","Google maps, IG",25-11-25,Tienen dos sedes,
Pilates en Circuito SD Versalles,"Bermúdez 1186, C1407 Cdad. Autónoma de Buenos Aires",Villa Luro o Versalles,1124780355,,https://www.instagram.com/pilatescircuito.sd/#,1213,"5,0x32",,Del Río pilates,"Básico,",,"2 semanas atrás: NuevaUn gran lugar para hacer pilates, con excelentes profesoras/res, que están en todos los detalles. Realmente la forma que tienen de hacer pilates está increíble. Es dinámico y trabajas el cuerpo a full",Pilates circuito.,,"Lunes a viernes de 8 a. m.–12 p. m., 4–8 p. m. sábado, 10 a. m.–12 p. m.","9FFX+8V Buenos Aires, Cdad. Autónoma de Buenos Aires","Google maps, IG",25-11-25,"Sedes: Trelles 1326, Paternal, Buenos Aires, Bermúdez 1186, Versalles",
"HAUS, Casa de Pilates®","Irigoyen &, San Blas, Cdad. Autónoma de Buenos Aires",Villa Luro,1121841731,,https://www.instagram.com/haus.casadepilates/#,271,"5,0x13",,Studio Moderna Pilates,Básico,,"Hace 10 meses: Impecable, altamente capacitada la profe , super paciente, amorosa , dedicada a full, respeta los tiempos de cada uno. Ambiente super acogedor , el mejor lugar de Versalles sin dudas.",-,,"Lunes a jueves de 8:30 a. m.–8 p. m. viernes, 8:30 a. m.–7 p. m.","9F8Q+XJ Buenos Aires, Cdad. Autónoma de Buenos Aires","Google maps, IG",25-11-25,"Inst. Método Auténtico/ Clásico: Authentic Pilates Arg, L.Isquia (Romana Kryzanowska). Inst. Integral Pilates Contempo: M.P. (Lolita San Miguel)",
Pilates y entrenamiento,"Gral. José Gervasio Artigas 1158, C1406 Cdad. Autónoma de Buenos Aires",Villa General Mitre,-,,https://www.instagram.com/pilates_y_entrenamiento/2,235,"5,0x13",,-,Pilates Mat,,"Hace un año- Clases bien diseñadas, calidez y rigurosidad bien articuladas. Efectividad de la ejercitación y de la constancia. Profesora: muy formada, cálida y dinámica; con criterio y cuidados personalizados aún trabajando en grupo. Creativa!! Estoy con Camelia hace más de 5 años: mi persona y mi cuerpo lo valoran y agradecen.",-,"Clases de pilates mat y entrenamiento, SGA (Streching Global Active). Modalidad presencial y online",Lunes a viernes de 9 a. m.–5 p. m.,"9GMJ+34 Buenos Aires, Cdad. Autónoma de Buenos Aires","Google maps, IG",25-11-25,,
Alma Pilates Gaona-Estetica,"Av. Gaona 2647, C1416 Cdad. Autónoma de Buenos Aires",Villa General Mitre,1159745897,,https://www.instagram.com/pilatesalmagaona/#,1305,"4,5x42",,-,Básico,,"Hace 3 meses. Las clases en si no están mal, pero comparto con los comentarios que dicen que las profes son maltratadoras. En mi experiencia, si note que no tenían paciencia cuando en realidad somos todas personas mayores… deberían tenerla",-,"Pilates Reformer, Mio Up, Venus Legacy, Depilacion Laser, Tratamientos Corporales y faciales","Lunes a viernes de 8 a. m.–12 p. m., 3–9 p. m. sábado, 9 a. m.–12 p. m.","9GMP+WF Buenos Aires, Cdad. Autónoma de Buenos Aires","Google maps, IG",25-11-25,,
GD Pilates & Elongacion by Marce Vaisberg,"Av. Gaona 2673, C1416 Cdad. Autónoma de Buenos Aires",Villa General mitre,1158493313,,https://www.instagram.com/gdpilatesok/#,1843,"4,8x137",,-,Básico,,"Hace 8 meses. Recomiendo al 100% las clases con Marce! Es la mejor profe que he tenido. Dedicada, atenta, cuidadosa. Y el espacio es muy bonito, ameno, aireado y siempre limpio. Las clases son casi personalizadas porque no somos muchas. Y al poco tiempo he notado los efectos del entrenamiento. Agradecida totalmente de haber encontrado este lugar!",-,"Clases. Cursos. Asesorias. Franquicias. Area Pilates, Stretching, Terapeutica y Fitness",Lunes- viernes de 9 a. m.–8 p. m.,"9GMP+R9 Buenos Aires, Cdad. Autónoma de Buenos Aires","Google maps, IG",25-11-25,,
Pilates V&Vos,"Gral. José Gervasio Artigas 1729, C1417 Cdad. Autónoma de Buenos Aires",Villa General Mitre,111553126631,,https://www.instagram.com/vyfpilates/?hl=es#,864,"4,6x14",,mat,Básico,,"Hace 2 meses: Las profes son súper atentas, explican con claridad y corrigen posturas para que realmente se note el progreso. Se nota la dedicación y la pasión en cada detalle.",-,,"lunes, 8:30–11:30 a. m., 4–9 p. m. martes y jueves 8:30–11:30 a. m., 6–9 p. m. miércoles, 4–9 p. m. viernes, 8:30–11:30 a. m., 6–9 p. m. sábado, 9 a. m.–1 p. m.","9GQG+FC Buenos Aires, Cdad. Autónoma de Buenos Aires","Google maps, IG",25-11-25,"Trelles 1326, Paternal, Buenos Aires, Bermúdez 1186, Versalles",
Malú Pilates,"Gral. José Gervasio Artigas 1879, C1416 Cdad. Autónoma de Buenos Aires",Villa General Mitre,111531518541,,https://www.instagram.com/maluestudiopilatess/#,,"5,0x8",,Studio moderna pilates,Básico.,,,-,,"Lunes – viernes de 8 a. m.–9 p. m. sábado, 9 a. m.–1 p. m.","9GRF+2W Buenos Aires, Cdad. Autónoma de Buenos Aires","Google maps, IG",25-11-25,"Sedes: Nogoyá 3416, Gral. G. Artigas 1879, Terrada 5797",
Casa Dynamo Pilates,"Juan Agustín García 2400, C1416 Cdad. Autónoma de Buenos Aires",Villa General Mitre,1169575466,,https://www.instagram.com/casadynamopilates/#,2926,"5,0x14",https://pilatesdynamo.com.ar/,-,básico,,"Hace 4 meses. Asisto al espacio desde el mes de abril y fue un antes y un después. Las clases con seba son super dinámicas, claras. Aprendí mucho sobre anatomía, posturas, balance de fuerzas y música! El lugar tiene una magia propia, los elementos de buena calidad y un clima hermoso","Esto es Casa Dynamo, una casa/estudio donde se vive el Pilates. Donde damos nuestras clases regulares y sede de nuestra Academia.",,"Lunes- viernes , 9 a. m.–9 p. m.","9GVF+4J Buenos Aires, Cdad. Autónoma de Buenos Aires","Google maps, IG",25-11-25,,
COLUMPYLATES,"Av. Boyacá 2153, C1416 Cdad. Autónoma de Buenos Aires",Villa General Mitre,38466753,,https://www.instagram.com/columpylates/?hl=es#,538,"5,0x2",,,,,,-,"Yoga, pilates y entrenamiento en columpios.",Lunes a viernes de 9 a. m.–8 p. m.,"9GVH+P5 Buenos Aires, Cdad. Autónoma de Buenos Aires","Google maps, IG",26-11-25,,
Gabyota PILATES,"Emilio Lamarca 1224, C1407 Cdad. Autónoma de Buenos Aires",Villa Santa Rita,111562891428,,https://www.instagram.com/gabyota_pilates#,664,"5,0x37",https://www.gabyotapilates.com/,-,"Básico, colorido",,"Hace 9 meses: El mejor estudio de pilates al que fui en los 15 años que llevo practicando. Gaby y Gustavo son muy profesionales, nos cuidan y atienden a nuestras trayectorias y posibilidades para acompañarnos en nuevos desafíos (posibles) para cada quien. Las clases personalizadas (somos 2 o 3 por clase) son un lujo que permite enormes avances personales en periodos cortos. Además, en horarios particulares, han avanzado con algunas propuestas originales que.combinan pilates con otras tecnicas, y que sus estudiantes amamos también. 5 estrellas quedan cortas para esta dupla talentosa, comprometida y amorosa.",-,,Lunes a viernes de 10 a. m.–8 p. m.,"9GH7+RX Buenos Aires, Cdad. Autónoma de Buenos Aires","Google maps,IG",26-11-25,No tienen horarios disponibles.,
Benincasa Pilates,"Campana 1495, C1416 Cdad. Autónoma de Buenos Aires",Villa Santa Rita,1137723875,,https://www.instagram.com/benincasapilates/#,248,,,Life pilates,Básico.,,,-,,Lunesa viernes de 8 a. m.–8 p. m.,"9GM8+4C Buenos Aires, Cdad. Autónoma de Buenos Aires","Google maps,IG",26-11-25,Abrieron junio 2025,
Muevete Guapa,"Dr. Luis Beláustegui 2743, C1416 CZE, Cdad. Autónoma de Buenos Aires",Villa Santa Rita,1120670487,,https://www.instagram.com/mueveteguapa/#,833,"5,0x5",,-,,,"Hace un año. El mejor estudio de pilates de la galaxia! Adoró a Ceci, es la mejor profe que tuve y tendré. Hace 5 años que tomo clases con ella y siempre me cuidó con todos los problemas que tengo en la columna y cervicales. Está súper atenta a cada una de sus alumnas. Las clases son lo más y ella genera un ambiente súper familiar. Es imposible no terminar generando un vínculo afectivo con Cec",,,,9GMF+WR Cdad. Autónoma de Buenos Aires,"Google maps, Ig",26-11-25,,
GS Bienestar Corporal,"Terrada 1501, C1416 Cdad. Autónoma de Buenos Aires",Villa Santa Rita,1135994462,,https://www.instagram.com/gsbienestarcorporal?igsh=Nzc0bW5vNTZ2NG8x,1549,"5,0x2",,Studio moderna y Life pilates a,"Amplio, iluminado, pelotas negras, diñero armonioso.",Siguefit,,,,,"9GMF+QG Buenos Aires, Cdad. Autónoma de Buenos Aires","Google maps, Ig",26-11-25,,
Danez Pilates & Funciónal,"Cuenca 2118, Campana 1644, 1417 Buenos Aires",Villa Santa Rita,1151463550,,https://www.instagram.com/daneztraining/?hl=es#,7629,"5,0x457",http://danez.com.ar/,-,"Armoniosos, tonalidades en torno al verde, turqueza. Pelotas negras.",,"Hace 6 días: Nueva Descubrir Danez fue un golazo para mantener una buena rutina de entrenamiento. Desde el primer día, el espacio te recibe con una energía que combina buena onda y profesionalismo. Las dos sedes están equipadas con todo lo necesario para clases de pilates, streaching y entrenamiento funcional. Las profes se toman el tiempo de explicar cada ejercicio y adaptar los movimientos según las necesidades personales. Un plus: podés cambiar el horario de una clase desde la app.","Fusionamos la técnica clásica con elementos de funcional para brindarte una experiencia única, que aporta fortaleza muscular y flexibilidad mientras trabaja la fluidez y la postura. Se adapta a todas las edades y es ideal para quienes buscan una actividad de impacto controlado en grupos reducidos.",,"Lunes a viernes de 10:00 a 20:00, Sábado de 9:00 a 13:00","9GM7+MV Buenos Aires, Cdad. Autónoma de Buenos Aires","Google maps, Ig",26-11-25,"Pilates funcional, tienen dos sedes. Cuenca 2118, CABA, Campana 1644, CABA. Mimebro de La Cámara.",
Paulypilates,"Camarones 3250, C1417 Cdad. Autónoma de Buenos Aires",Villa Santa Rita,1136194871,,,,,,,,,,,,,"9GP8+32 Buenos Aires, Cdad. Autónoma de Buenos Aires","Google maps, IG",26-11-25,Poca info ..,
Accio Estudio - Danza y Pilates,"Camarones 2750, C1416 Cdad. Autónoma de Buenos Aires",Villa Santa Rita,1134624000,,https://www.instagram.com/accioestudio/?hl=es-la#,1272,"4,9x41",,,,,,-,"Pilates Reformer, Yoga, Esferodinamia, Danza, Stretching.","lunes, 9 a. m.–9 p. m. martes a viernes de 8 a. m.–9 p. m. sábado, 9–11 a. m.","9GQC+9G Buenos Aires, Cdad. Autónoma de Buenos Aires","Google maps, IG",26-11-25,,
ONIRA PILATES,"Av. Gaona 4665, C1407FII Cdad. Autónoma de Buenos Aires",Floresta,1137684805,,https://www.instagram.com/onira_pilates/#,252,"3,0x2",,-,"Colorido, básico.",,"Hace 1 día: Nueva. No contestan ni WhatsApp ni Instagram, cero ganas de sumar gente.",-,,Lunes a viernes de 8 a. m.–9 p. m.,"9GF6+7G Buenos Aires, Cdad. Autónoma de Buenos Aires","Google maps, IG",26-11-25,Inauguraron 1-11-25,
Mikigai Pilates,"Segurola 1036, C1407 Cdad. Autónoma de Buenos Aires",Floresta,111558105355,,https://www.instagram.com/mikigai.pilates/#,929,"5,0x43",,Studio moderna Pilates,Básico,,"Hace 5 meses: Hermoso y cálido lugar! Nunca había hecho anteriormente y ya hace 1 año que me cambio la vida, sobre todo a nivel físico que tanto lo necesitaba. Destaco la calidez y profesionalismo de las profes. Siempre atentas a cada requerimiento de las alumnas",-,,"Lunes – viernes de 8 a. m.–9 p. m. sábado, 9 a. m.–1 p. m.","9GF5+96 Buenos Aires, Cdad. Autónoma de Buenos Aires","Google maps, IG",26-11-25,,
Vida Pilates,"Sanabria 1424, C1407 MCB, Cdad. Autónoma de Buenos Aires",floresta,1162867640,,https://www.instagram.com/vidapilatesvida/#,1384,"4,3x3",,,,,,,,,9GG4+Q8 Cdad. Autónoma de Buenos Aires,,26-11-25,"IG inacttivo, cerró?",
Aural Studio Pilates,"1406, Av. Nazca 867, C1406 Cdad. Autónoma de Buenos Aires",Floresta,1124089344,,https://www.instagram.com/auralstudio_/,376,,,Del Río Pilates,"Moderno, iluminado, espejos ovalados. Paleta de colores beige.",,,,,"Lunes a viernes de 8 a. m.–8 p. m. sábado, 8 a. m.–4 p. m.","9GHG+2Q Buenos Aires, Cdad. Autónoma de Buenos Aires","Google maps, IG",26-11-25,Abrieron 20 de mayo,